wallet_address,sent_count,total_sent_eth,failed_sent,max_sent
0x3a4d3430da786fa5b912ff8d468998ab95c3a6f2,1171,1666.0000000794478,148,4.0
0xd62ca385c107390062a5f1f404c78ba208717ce4,381,120.67077156578698,1,1.49505936606684
0x84b5241e96b15f5381112cb4dd7082b390df1e25,17,96.05,0,27.3
0x6cdbc956e4291dd1bc91aba3335556360568742c,7,66.41048093038484,1,40.75757798424141
0xe5254e61b579d02ec9a573593a9833a238f2a97e,17,60.39531737210116,6,18.45558400208762
0x39ed5afc1de70a5999d54208e8c3438b268912d1,32,50.165,0,3.0
0xc4587b4f35fb9340ea764933220804b3f292ab1c,54,48.81244250893978,1,3.9453156673574177
0x50cb452561ae7431e822df66d989388e51ea7a00,59,31.87,0,2.33
0x5aeba558bd5af49f1fbcbc69e31a2689573f0cb9,1,26.0,0,26.0
0x2d3fb3096f020029a49a45c88253a4cd0bc2503f,36,25.89029213988091,3,3.000000000000002
0x96d7e097cfeaddab92dc245e40a602da98121d08,28,23.9,0,6.0
0x8f7199db75bf36a4f3666559746f820efd8c7a16,8,22.16353425865281,0,5.914446194814599
0x1be1026e82a2b2c8133f78f8b84a91d22ae791f9,18,21.1,0,6.0
0xfd703787f521d6932d7d5888e4f81fe2515ae855,45,20.2,0,2.0
0x90370a2ebb2b7efbc68ba9a4f84767f84d9b67b5,1,19.5,0,19.5
0x288c0b8579bab70ab2fa2b2c8672ac360a2c5a81,31,19.26,0,2.2
0x8bd30bedd8d81c79c1bd5ca652af239493264623,18,18.349,0,3.83
0x88fc568a63d5968455e918253abcd9cc32911609,1,18.24,0,18.24
0x96cfb27c106c360692086a7ba82ed71391a10b66,1,18.0,0,18.0
0xd4a2aee94345bfa6aa1bdd3b95e8dc9d14b2ea19,32,17.806649415552165,17,1.7967110130767479
0x45926c5876ece552f889fa5298331a241effd8f6,23,17.37,0,4.5
0x52ce96ef87f6606b278d1a70820673c823730e51,5,16.410781247111537,0,8.3
0x85b5302fa77685c09e59efed6eb2f9ab4c652980,1,16.30673134221179,0,16.30673134221179
0xfad9fe0f5a680bd2a1395b209f006d0902c6c544,12,15.73,1,2.0
0xb87d237e6d7f1e62f8391d646a0b318bce075f13,1,15.0,0,15.0
0xf4c808be6593e822d5baf407a42ea2666294b652,1,15.0,0,15.0
0x9b228b4f71b3bc7e4b478251f218060d7b70dc25,48,14.609461072859727,15,2.6684053698458556
0xe62c74c32185c6d4ee87cb31b4e12362c30ef850,5,14.04321795360153,0,9.420492626608498
0x4d521577f820525964c392352bb220482f1aa63b,9,13.639644255697679,0,2.8548
0x961cee162ea5c93a1b1bfb4932dfe289af4e6087,1,13.0,0,13.0
0x13edfb6c08c70cbee8a6ca84188ee2c87cc7012e,2,13.0,0,6.5
0x64e8cce4a93249c0baef5e6116b798795d063b9e,3,12.5,0,11.0
0xefabbf0900e7f126c8327018a1d82cf02604ead3,25,12.25,1,5.0
0xe5bf9b62e03191e7b5aec3bcd2b93567bdcf2f68,16,11.836055843529588,0,4.242675877994838
0xd9925cbed7f61735aaab9308277b081fcdad4cb4,49,10.942452202744345,4,0.9526234386096514
0xc692a81a893fcf3e8021580fb3d9a7199733b2d4,42,10.510253992317843,11,0.9517670957355363
0x1bb29e473b61480d220490e537007ffeafa3fcdf,2,10.2,0,8.0
0x3d9a35ee0620ccd19ec80c3ce5444672cb69fa73,36,10.058905049575156,4,0.9970854560908787
0xd62bf112e49eaaa9effa5b64d8243ebb0ac2e44c,2,10.0,0,6.0
0xf5ba1cc4a294214f4b83b3ab27ecd1a290215cb6,1,9.909620971256478,0,9.909620971256478
0x7abe9805fe238c594930b7e0252f33245bbea3db,2,9.7,0,9.7
0x41358a2406eb1d4e149121b2e8cdb8af1960d320,40,9.527604097487652,8,0.9827751081895664
0x7d97ce9a4809d7016ebee79a78c17170ef9fc46e,41,9.495556854987285,2,0.9775668141818381
0x5e1fd17c47fc13033a0a5e2e410c86e723e750fd,7,9.3,0,2.5
0x5958af141de82b3ade99671779136495c0b038d5,34,9.21842497127767,0,0.9586102586992343
0x91683a8fd99516aeedb1ef79c5fcc753138b832d,29,8.913627397136061,1,0.9915133422475891
0x606228ec5122f73af2e1ebac346d4e236dda5213,34,8.822695835161847,3,0.9580640723644528
0x9dda370f43567b9c757a3f946705567bce482c42,16,8.8,0,3.0
0x6a15c7ed014cff024579603813c3cc6bdd2c55c8,18,8.7,0,2.0
0x2390ec6fb773c02eebedc986ae16ed7e4c8c0829,40,8.630852581517544,2,0.9035857078423147
0xb2be000ab5be1f7ac72c7b9a436901346d4a7530,31,8.550817548990052,0,0.8678063288484085
0xfa2d8c7ef5332d1772b83887d13a7aff6a8f703f,28,8.499735536190407,1,0.9703477423422396
0xdd49072f1ffd750f8307e368be217d4ed83f536a,29,8.489695308126045,1,0.9157904958596219
0xbba5706b778ab06c945a5777a829686c191aaaa2,34,8.487159374716574,0,0.907830206891744
0xc563f1e3dcce804299d4372f69c57f7bbc47f647,37,8.483796688374207,2,0.8683851303733011
0x4d7e25699d339bf1f96167285f12aef95850d0df,36,8.482186604342608,1,0.8741303531116029
0x32faf73f416b5d58a12f69c818411d66f252e433,39,8.453789425922707,3,0.7894842560137058
0x8b7797bc9e7fd8c8f799f5d6e1f30fe414c8ee3c,2,8.38,0,8.38
0x7f306b0c16acfb17c0de9f90de2e8daa6494db74,31,8.312341320068562,0,0.8989286232862682
0xea2c783302098ff470489dfeb902b5d9de45828f,27,8.24474866422508,1,0.8357060963904189
0xa4153e31a192b197126bb8e63bd7b6d51436566d,35,8.232294234902213,0,0.9813325005082841
0x957e9d7964505f720a76bbaff757094a941246c0,29,8.170019126767798,1,0.9546020614932339
0x78e6e13988161a3b4555ca21221eb441a237fccb,28,8.116909573188032,1,0.9904569813525789
0x25c973c8ac14657bca41cf615ac3c6f8bb326570,37,8.033041169227154,2,0.9036960188004339
0x8f0f9f994688455f28a474266e376695f6861e66,34,7.835654406839903,1,0.8847494081666107
0x6cff7c0db924bf53af1d5581b0bb6e2233831b00,33,7.795092526981799,0,0.8857864233819901
0x43aa95f78bb5d729edfb4c7ea7225ba2730fb543,30,7.711816013550849,1,0.8478111969281326
0x96312e8c174b1828ae67ec7a16bcda0a80a747e3,1,7.63,0,7.63
0x5a207b26aefd89bdec00ff35f877f62b45ddc787,29,7.625508309345749,0,0.9899558357406395
0x30f957047256d16c2c34086156508403427a995b,32,7.5359755653875276,1,0.933721268877867
0xaa73110acc8b5860b7057df472d269cdcbc06bb3,26,7.523652426209517,0,0.9562693652050492
0x45be03a76910a8a69a3333535a7210823465ab7f,38,7.4493338552375015,2,0.8289597650689751
0x2e05126329dc5bfa9419cf5aba2419b6930175c1,32,7.398351061504489,0,0.9582102272000902
0xbf52c96226136103df3c1334eaffca0d741e2849,26,7.366687404950248,0,0.9949945865601438
0xf6b1e45588a7a714f9f25e882ba6c651ba4f44bb,33,7.349910949872549,2,0.9688160918247419
0xf3fe7c7c3fdeb1867172ef3b2e216fdad3aa3d9c,30,7.259618836646861,2,0.9406481086258215
0x23a65bcf1740d77d4ac2c99d438ae6077fcbd71b,30,7.014044493379957,0,0.9327741568258379
0xaa00a162f387bace012cd2627b73ba3fd02aa616,5,7.0,0,5.0
0x5c39b524d45523ea742b91ef1d1cd871e28e7b4e,11,7.0,1,1.6
0x129a2fa592d3986b7a98b17e9ab2cd54e02a8abc,3,7.0,0,7.0
0xf1bfd3ea22996c91bdffd98516e945c9358b1d18,23,6.965893339528211,0,0.9622788067716976
0x0396d0623c93b62f5bdc82b6f55e6d93fb564cc8,25,6.836622452814837,1,0.9342240273088187
0x39a116d891f1b40a8fcbb0ab474a4ca5332e5d46,10,6.8,0,2.0
0xe1b44d291312fb6150c2810f4fbe6a08392ff92f,2,6.8,0,5.0
0x938a5f1d3078d38209b9bba56a34453b3e225dca,29,6.791644442231921,2,0.6619623257529207
0xbd484e0b524648157e8779040f32457a69f59b71,34,6.776074527443198,1,0.7262942734621064
0x3b4ae2187b5d49efa167f073c83a4aa01717ff81,34,6.7278085426436585,1,0.810470457788581
0x9ddc7a95f7d80df258b087cae7109ffa9ca826d8,31,6.691740672644748,1,0.7846347073482102
0x2b67f951712f113d1b15e6d3956afb7708149d2f,27,6.479883394614414,0,0.9289374131188105
0x109c01a8844b754e80995c06522b45f77963d72b,1,6.0,0,6.0
0x1adf3477045766075dca7f4f2d0c6b31a7b16e44,17,5.76,0,1.4
0x8106782cd18e9425e8abf10b2ff11eef4633e6cf,1,5.6,0,5.6
0x5bfda8a919ff1b4f6b01d02dcd5a2809cb863966,10,5.5,0,2.1
0x13cbe6b8fa5c70e8b6b5927b9d967ef9cd6a661a,9,5.386746812098327,0,1.734353384461323
0xddf58fef5dce5b805448e84b0b123519e0ed74c8,4,5.1,0,2.0
0xebd9dc7fb828265e913b6060461222e9595d7dc9,1,5.0,0,5.0
0x0af34b90d75876fabbfee799c11f5cc285f8aaea,7,5.0,0,2.0
0x1a478f56b0a6b5295786d0da7e3367f703d77d88,2,5.0,0,5.0
0x4b6a9533036fb63675f957db3d01cbe741390d5c,3,5.0,0,3.8
0x789dfd03098be033bb1d09de690d4d7917c0b14d,1,5.0,0,5.0
0x374e2470e0c43c9fdcc94cdf129615d7bfa146d3,1,4.8816,0,4.8816
0x0b07387c9132f2be18b7379f1beb7978f52a55b5,11,4.73,0,1.17
0x6498e39b43644bc0b3b54f7af2dd0e8cb3f005f3,7,4.552612568451031,0,1.5
0x108c9646064ac4d99b6ae251f51cea06b8acfaea,6,4.478681900246922,0,2.0
0x99ceb0a979fa3c9127e786880f0ef20611ab24bf,1,4.35,0,4.35
0x8f2cb341fb74de4f6e6391d15218c15751e1c7f0,1,4.25,0,4.25
0x6467462043c9fe61e27e1b850cf3bd38921661f9,7,4.130087829556398,0,3.1903894315539603
0x8bef30b6a3ceadfa70a32da291bd9856ab92d9a7,20,4.1224171628048305,1,0.9
0x68ccb69b99b7827af239d731d1fab64706e2b342,1,4.1,0,4.1
0x3f7e350d073067167f6f5b0f331b2506513d0ca3,3,4.0,0,2.0
0x966f2ac43cf52c0d340465fc0fa762317b97337b,4,3.92,0,2.5
0x32cb03ddafa42cb372cb0f868cdf13755a442833,1,3.92,0,3.92
0xbfdb165234bac3c9bff38ef5c8327ad843788d99,3,3.8250271290602105,1,1.9297264673247376
0x0516851789afcf31665f7e59bf81f879cfb3fc04,1,3.78,0,3.78
0x44b725f0e01ef540687b9b929411cbdf0664685e,1,3.7741017971847066,0,3.7741017971847066
0xf1023e7396255267bc7524fd13a7b8d534065b0c,2,3.773,0,3.673
0x904a3dd9ece143bd7c8af722b931a9dd03d538d4,6,3.5,0,2.1
0x33d903c722b1f3d49c58357cf82519314605e8db,3,3.34,0,1.87
0x9d89aa130e45d9c7b8e585d8873d2c940f5d4322,18,3.15,1,0.55
0x1e86952ed4428c62636eba3d0c7946316a0c359b,1,3.1,1,3.1
0x8e3eedf2c8655c442f0c1cc0a58160250becf03c,4,3.0472918137820044,1,1.5236459068910022
0x4d2f45f10ea352125096bef791dc92d7692721fe,1,3.0,0,3.0
0x303425052e462dd0f3044aee17e1f5be9c7de783,3,3.0,0,3.0
0xf7a849dc53c8c0633eeb4cbea2f1aa1e984ae083,2,2.949,0,1.5
0xa1dc48c34a0b85bfb7a66c41ffaf87cc7fd92cbd,24,2.8223090534601725,1,0.44
0x5c9e60b719ab948a40400e33da8b1fe35ee665cd,4,2.81,0,1.26
0x0052dd16a1cb476918b2ce66605516d79aa1811e,1,2.7,0,2.7
0x66ec206484690269c176ada5485803d1faa3e072,1,2.5,0,2.5
0x7543cf797a3a1665c074d1ed0371663c10dbae0c,1,2.5,0,2.5
0x1ad91bcf2997d8bbb120dfe5a90dc62ecbdc605a,3,2.43,0,2.3
0xf451cf5b2fa0631f3f7eed5682267d6582aeb975,3,2.43,0,2.3
0xe54b9bd257c11ab9c02b93f928797b8cd02365d4,3,2.43,0,2.3
0xaa9a5a056a3ee914a19005eab6380d1b04697876,2,2.41,0,2.4
0x566431da39c1fe225073d56c4704ab23a6e282ee,2,2.4,0,1.6
0x9b86a9d4f5e949779ecdc9c205062155770ea41b,3,2.38,0,1.53
0x19d7b4d403a9d3dc5ed3b15ea88671816b0f1d9f,2,2.3,0,2.3
0x575a28b4e77a842657f8edb4fdd7797680022ede,3,2.28,0,2.15
0xf297e77a88bc862b1b6be37aadf8e86f735dff99,1,2.2788216361460463,0,2.2788216361460463
0x99d77b989015b12269fba5ba5e0303c97686ce2c,1,2.2717911658277643,0,2.2717911658277643
0xbeeb29835071fdc8b8a58492b49628483778baee,7,2.225,0,0.8
0xdcb7a9fb0640005ca7034427552b90c9b13cc2a0,14,2.215870520234808,0,1.4143410457941241
0x865d2dece719eba58de9b03bea86492ea1ebbb85,6,2.2,0,1.2
0x27e4fdd8705271f1c87cfc1cb2f485ad3124ea4e,11,2.15,0,0.5
0xc5584c22019bba2f6b04256acdaa05797a2d74bc,4,2.120026108584085,0,2.120026108584085
0x11dccd0ab0839394c16d3bfbb9857ef810f303ac,13,2.09,0,0.8
0x8e28859b6d532504245c9206c5790bf88d9c9790,7,2.0874200895981216,1,0.6
0xbd4e57059958217b83283db5e2a3c21b92c913a8,6,2.060663690645132,0,1.5037848490833936
0x9336711aab287108ec8c3795ba51b007501c3502,2,2.0,0,1.0
0x102a925acdfe22f3c79d647d19d4630c4e5c37a5,2,2.0,1,1.0
0x9daba17ec5765ba14a4bc75b28b7fa7492af5cd8,8,2.0,0,1.0
0xa0376c9813f3c19fc8c8d3ff5006732320cdc302,2,2.0,0,2.0
0xa69c20abc059c3104030aa8cf2da5396b6fd2528,1,2.0,0,2.0
0xd20206b8562b39eecb27c1cad340cbbc6a716b18,2,1.9934821979087265,0,1.9934821979087265
0x4ddc70aaea98a5d4c17aacacc9d3863dee399faa,5,1.95,0,1.75
0x95e47b60cef1ac9264f41b61feb0694d6b975361,2,1.9,0,1.9
0xeadbec94c5f9061b9a277f9dbb4739768c4b7a2c,2,1.88,0,1.3
0xa9b4c9b9e88fd9455cba2fef6f64056538ce6640,2,1.85,0,1.35
0xa597ae1bfb442fcc0563fd1e810b55bed3a32b70,3,1.84,0,1.7
0x9d2ffd1a8298b1b28184340b19536eedd13e19eb,10,1.81,1,0.5
0x489db5a92080517fae92c11c7958942601f53816,4,1.8,0,1.0
0xe5135c6e468bce9846309bf1291fa7fc0826631e,2,1.8,0,1.8
0x2d9c7a39e63e625a2055410261544cdbe86d0ead,5,1.8,0,0.9
0x052ee3aff27813c2e787ef0eae9218ad1f8cb623,2,1.8,0,1.8
0x57f5704e14e254c2c7e321189d3f4b2056d30c96,29,1.785,0,0.4
0xbe1cd5ab143820357d90e3c0445ca5032cfe0e66,9,1.75,0,0.51
0x44ec5db8c66a6f65acc50c01fc58b8723b449e5a,1,1.7,0,1.7
0xd1c4aba610456460c00c1f024bd683216629f1b3,7,1.7,0,1.0
0x97bb47144c2c9afedbb6823bb22dbf22171b5c1f,4,1.7,0,1.0
0x5eb67a3b141f3036899ee77822a41277166c540e,1,1.6918046557721496,0,1.6918046557721496
0xcb7fdf08bde39dd3f8e81425ced31429f4a60932,1,1.62,0,1.62
0x6435418512ab3e9cae8258dbe0c7fde4b6b07c15,4,1.61,0,0.9
0x966f17fe4f9aa6054854910bcd9528fb4c0ff1e2,3,1.6,0,0.6
0x2f8fa270e086ce9207949203d7393cb8ab0574e5,8,1.6,0,0.5
0x4e6ee84591eb7c7cc0cbbd3f52945a1c5b6469c4,3,1.589757,0,0.8
0x5ae5e5278ce81a34b1fdfb737f7a6adaf8d110c4,3,1.528012395088656,0,1.5
0x966c5496e978621b24db1177187ff1f9a02f4b9f,2,1.5253090228125217,0,1.5253090228125217
0xde3d6ac527fb1b8b1ed9b140c66bde42d16a06c5,3,1.5004818584842186,0,1.3004818584842186
0xa7f6855d71592c8534e279d0887a0e42664fdef3,1,1.5,0,1.5
0x04a39af7cb0349c76b56dade3205a228044ee431,1,1.5,0,1.5
0x5195bbbaf2e296ccf41371d37d942412522159e6,2,1.5,0,1.0
0xc46bcd8f48b4aca3845c6f928d329c58dc08bb3b,2,1.4880544833245923,0,0.7880544833245923
0xb932cc684f661ae83ab532b3eee1a14582c152a1,1,1.48,0,1.48
0xc2e8e815f5a9ecdd27568ba9348a2ddcc32c06e0,10,1.4701267689663982,1,1.046884915354112
0x4bc8d6cd2ab016c25bdb9b6423f2ea5651765fb0,30,1.455,0,0.8
0x9a22402d8c6ee2b443fe6aba856b2309e4eecebd,4,1.4183943321365862,1,0.6739288492449694
0xd7141e21b6a780c4652b6e2350f92d89f118f08e,2,1.410067,0,0.820067
0xb6520389471c5667cb1db38bb38d47c08710c75e,3,1.405,0,0.72
0xc59f11372f6b7b5cf4758524ccc4712df776c4ea,2,1.3960063658239867,0,1.3960063658239867
0x469ae3d5bce2ac0a16d613a584de4fc30d08649d,6,1.39,0,0.84
0xa848219766f8653d5f2faaab47030e44faff339e,11,1.35,1,0.25
0xc367b98c39351311b11d4686682b3a232810ec1f,1,1.3,0,1.3
0x3444b6fa94c389081fdebb3a3fcf2ab7e4fbedee,1,1.3,0,1.3
0xd71d82d277bbcd53dee2a09a0756eab6ae90c1b5,2,1.3,0,1.3
0x6cdad7d0dc4322e4125555ff0135ac5139979a3d,1,1.271,0,1.271
0x1c95d08f73e82c84038bfd868555277958b45f04,1,1.26,0,1.26
0x18b9da3f757220faf27fe60fb89c6b9962d610fe,5,1.23,1,0.45
0x687e5e267ac703d921214600562d8a4a4cce66a9,3,1.2193086835389202,0,1.2193086835389202
0xb3403a129ff7e5cd1acf169e3ce52e33c6b248da,1,1.2,0,1.2
0xcb75abd04f5413b8789f23b171d081af75b488d7,1,1.2,1,1.2
0x03770b07c5c315722c5866e64cde04e6e5793714,2,1.1997467608320482,0,1.1997467608320482
0xce64b7dbcaa4b2f1c7c360d7152bf9de391154f5,2,1.175,0,0.59
0x75d4600da28d97ccf663c79e3844049e4ba06c15,2,1.1727954581650353,1,1.1727954581650353
0x1d546cdd356397de09eba5adaf48248d2bf7ff64,5,1.1615648387195106,0,1.1615648387195106
0x88b85c82f343d8dd193b7cf381106e44b42ce286,4,1.151,1,0.5
0x8855a6eaa8af2a5c8e26e72610259f438fefd5b8,6,1.12,0,0.66
0xcea96dcd841f092c89c13c6c118f12727038b666,12,1.08,1,0.3
0x7c23906faced0812deb4ebc80cb2e2b55ca25ef5,2,1.07,0,1.0
0x45b2c6bd80b5ee878b381b72a16f2df3bf770e47,1,1.053,0,1.053
0x973ff54227e8c06eb52790e40405bbd0bb30a964,1,1.05,0,1.05
0x529441fa9e5791191baa1a13a1e054b9ae9168d8,1,1.03388,0,1.03388
0xa03bd570240f1add780961a145ce989bfbefa947,1,1.0006195174791224,0,1.0006195174791224
0x73d6f9c171966d92e7e922a72361571437f9d152,1,1.0,0,1.0
0xdc0051c01c578115098f5060754fbac5aa9b7ab9,2,1.0,0,1.0
0x5b6ec1f0bf2f168b73d883768c6109d81b8b5678,1,1.0,0,1.0
0x5483d1bb21931dd4619bfb430aa4b6ddf76e4378,1,1.0,0,1.0
0xa20faf0ed0ebfc0a8ad727e5992fcc8098136f9c,4,1.0,0,1.0
0x536558eebd4d2732a17f83a99d0e4f5bb601e953,5,1.0,0,0.5
0x329f638b7ff20ded69dc3e715c530a9ae93dacd2,1,1.0,0,1.0
0x7f7fb8c89f3810d826aa1a43dda1a16be923e41e,1,1.0,0,1.0
0xb3e6739365b1241d16db48ffffe676b603064f05,1,1.0,0,1.0
0x15fd06296c13a18435c5f765f9904b219a5ddc76,3,0.99,1,0.5
0x2d2b29d21b938ebd67b25c936e3c440f3e4659df,3,0.98,0,0.98
0xa67671a8b8d40cb3bfb5edf173555a8d16b515b0,8,0.96,0,0.24
0x976540f7155d67cc4d4f79f97de62d307a0fdc41,2,0.95,0,0.95
0xf582615b034cf40134a6065c841150512950c587,2,0.95,0,0.95
0x6c5fb1605c57101956862b59558ecefdf219ab59,1,0.94,0,0.94
0x9b37b1d2f507043dc2fe2d272badbae6ada0859f,3,0.917,0,0.9
0x80e40603d47e92ffd3a6524742453f319856341e,3,0.91,0,0.91
0xb24c8ef593563e1fff3ba6e8bb3a8b7042beff1f,2,0.9071177576913184,0,0.9071177576913184
0xa654ffa3410b2741ee12dc75770b9c7d2700f5af,4,0.9,0,0.5
0x1fb2b16cda17965f408e33197112d45a1137999a,6,0.9,0,0.3
0x7f1e0ab2dfdf16e81dcc80e25ec024b02c6b9bbe,5,0.886240824863807,0,0.7094700022775395
0xf68b7346598918913c7c18de0a26c1f74ac65c61,4,0.8262920066138518,0,0.8262920066138518
0x6e34509bddf835fc85fffa3d40955f6f4af73417,2,0.81,0,0.81
0x6122ecfc9bd3a8c3ccb6bd56cb91728776794cac,91,0.8026994329932342,9,0.8026994329932342
0xee3cfd37bae1acde4459fa42c91fe9c20565047c,6,0.8,0,0.2
0x61cd2d204b338944c2cc64ea9863fd70cf4aa19e,2,0.8,0,0.8
0xdd52c77eb073a963c56c22d360df1fba8b9e9f3b,3,0.779,0,0.5
0x8e88e82c613b924e79762aa5479aedef4a7d6e97,3,0.767,0,0.4
0x85effb128e632c03d4314573ba73190f4ad92871,2,0.7557673470731834,0,0.7557673470731834
0x9759ac66fbf6977c2f778f23ca493daf98462e23,3,0.722,0,0.7
0x7912421d63dcb8efc27d77100e393b9f089e7b86,14,0.7157849079551666,0,0.1833413927666666
0x2f1d9c7ba44f5b72f0ad1bad2af5f9df7ee7d508,3,0.7043568355480629,0,0.6943568355480629
0x76a0984a6452241466b6f926f34c3388ceb7a35b,3,0.7,0,0.4
0xfaa0e699b47f6a408cac7353a36b1a82d914fcc0,1,0.7,0,0.7
0xc2e82604302f15ce7842b7529730f9af7dabcfda,11,0.6988723342832782,0,0.2647793192399495
0xafb4f4a64d21b6f7ad1543cac806e906e49551db,3,0.674,0,0.46
0x2856589869fdc5962c78a0541d5259a478703c1a,5,0.6671,1,0.31
0xcc970399f479381e5ce711fe64d29e25dcb82625,1,0.65,0,0.65
0xdaaa6a54d1dc5acc488e5f38e7a756c16048da8f,1,0.6363869101119862,0,0.6363869101119862
0xabd29e9f206b20148e03f95c31c5f3139c0e9999,3,0.61,0,0.6
0x7dbe1fe39b29282bc299f9f0c2364060f24124e5,9,0.608,1,0.19
0x2882090f7a95c1b96f9621e7ae489f915afc2f33,1,0.6054261616810585,0,0.6054261616810585
0x553d382ad42465a51fc6ac5a40ad625994735f36,2,0.6,2,0.3
0xa5b0fbdab57ef38555f2daef601c91a418ca8e73,2,0.6,0,0.5
0x3ed4b66395cef4b4fa96ccc3d2df682a767d738a,2,0.6,1,0.3
0x8207d1305e241a6fb4a2ef93d29b1035e08e7590,2,0.6,0,0.6
0x92781c8069191a76fb4b84b7209d45165c801587,3,0.6,0,0.6
0x8651b708b8b2f62e52053144d8690f7781585f31,2,0.6,0,0.6
0x176fd41a3fff399bd9b52f31953a88cfed1d8e11,3,0.5927821044099847,0,0.23
0x52968e70ad3567dc46008de9edaf739cd22192d3,2,0.5899326426143641,0,0.4178380677255624
0x38540d359d4d55b7123bd4235db0c1e585933ef5,4,0.585,0,0.35
0xd13728925de3a94e94a538c921513cbec0673569,6,0.58,0,0.22
0x55889aedce588bd596c38f361ff1b745a394981d,1,0.57,0,0.57
0xdd53c6e7db254b2ebd08ffb4e7bdd3fac5f6ef35,7,0.5614281449629989,0,0.22413789553312982
0xc79358b8766293c26dea7a4ae56fc426f349fa61,1,0.5585,0,0.5585
0x205569822b6aec2fff7875b941bf78c8fe2d0eac,3,0.5534928554073166,2,0.26258758540731664
0x1632e4780bcdab1516bb49d043cc0c31bcce3cec,3,0.55,1,0.35
0xa5b00fecaf97cff149a429649ee4ceb4528d2157,1,0.5422,0,0.5422
0x7f5a98b17dae11e0f6463a57221b9324ca49eed3,1,0.5336762590425611,0,0.5336762590425611
0x6f5002d9a091fe5efce81f4136d5d40bb2ac6dd1,2,0.52,0,0.52
0xf19aed29a6cd4f5a1b3c8ed79d987e3fc1dca853,1,0.52,0,0.52
0x4f52f2777277426cd4d769d758e7dc44dea2715f,1,0.52,0,0.52
0xe869c694298c543e9eccd4f1112e40c612847975,2,0.515,0,0.515
0xaf5b28b947ee8f7729fb7534cb34970cf8666660,2,0.5,0,0.4
0xf9bba8e2b0e7c124e1e82ef4ba249de0b4085729,4,0.5,0,0.2
0x7431931094e8bae1ecaa7d0b57d2284e121f760e,2,0.5,0,0.5
0x1ca5cbd0f99b75ab8b637b11fea7234649fa1950,1,0.5,0,0.5
0xb14fd72a2d7e199a8b87a7141e90e50d8c0e087f,2,0.5,0,0.45
0x46e298b2c1a56c053026e5812a3fd300c8e81e03,1,0.5,0,0.5
0xcb0316c8b5eb70f0feeb49c14905435e16ac493a,1,0.5,0,0.5
0x0e6192b6d3078679a92e062d2a5bf1e265492648,2,0.5,0,0.5
0x68b531349eb44496943be5ff15a5f510849d561f,5,0.5,0,0.5
0xce34464855cac0beb89b069e2bc184a74b16b77a,1,0.5,0,0.5
0xc55867956c5d9f608923db3c0b2856217dce6bc9,1,0.5,0,0.5
0xffea29eb0e56242496b6019e17adc0db6dd1f52c,2,0.5,0,0.5
0xd667a1f68bffc35b0909c5362f8502838943aa1f,1,0.5,0,0.5
0x28aafa5d53991749f27ab9d1231f3b88b087ccd6,1,0.5,1,0.5
0x4fc3c187520477f026bdb258a9cad04bea3d9111,1,0.5,0,0.5
0x3cf4d7e888425a37c8bbfce75b5741fc84cfabc8,2,0.5,0,0.5
0x0679b076e914fee0689a462e409334f6ce908ac9,1,0.493,0,0.493
0x9cd47764cb31d297c3f7db6506cf26f0e229e876,1,0.48,0,0.48
0xfc20f4c01018b66912f071a5e77d982a7d29709e,4,0.47904081313041075,0,0.27904081313041074
0x572b4b93cc658532fc06dcbfe896808d23f996bb,1,0.47,0,0.47
0x278cc7f6bb33552e4b63aac805b63e0d9df1d9bb,2,0.4675,0,0.255
0x98f1e5720f4fa80cb1172c761a442438ade87181,1,0.45,0,0.45
0x51b27b3bbe0e7dd84028548d076bf113098a30fd,1,0.45,0,0.45
0x79f1086f2ec1a476e5255080f5de7ac7a8021fc5,2,0.443,0,0.243
0x5190e39560613bda66650676b00f3c2081fa6ba8,4,0.44,0,0.38
0x8aa93afd2f7c6d319adb0496529dd94c9332d197,4,0.431602,0,0.346101
0x82d8cbcc0861f48027c0c693a287307c43fba023,3,0.43,0,0.3
0x97849022632c30562c0226f12589be870e4d0c84,1,0.43,0,0.43
0x76d235edb02dd500236d663695389e8d32b6104c,1,0.43,0,0.43
0xfc60dae5ac76d78adc82b2ec4b2c054d0dc44492,2,0.42306753538603786,0,0.42306753538603786
0x3eae56964b8ce1cb52f395444c0f89577bd6bb49,8,0.42175559282628877,1,0.42175559282628877
0x6aeff2fd7b066e7c565d3779a0ea8e15de319c6e,3,0.42,0,0.42
0xc83c7b1f6bb1d9f11ffae511ffa6bf5013dd08ba,1,0.41550213924286306,0,0.41550213924286306
0xca0be7eaa4b90bf732213ca03664d72fb247e014,4,0.402,1,0.26
0xcefb1791df4008c44349aa6040453b2b5449d23e,4,0.4,0,0.2
0x05ea8a3341d1d55affc1be110c6ce8f034ec5191,1,0.4,0,0.4
0x86d40aabb7254ba0af30228efec90b6289644766,3,0.4,1,0.2
0xd798e04a3eb58361a06c44dcc326205516bd6136,2,0.4,0,0.4
0xf6aef9bfef08e1b4630beed67e02cd3c3566e745,24,0.4,4,0.2
0x40b5a4cbdb760f58ceb097cafe8e53106c0a3658,1,0.4,0,0.4
0x6a45dc4ff56a4426869e5c52ec40bdda2e906b1a,1,0.4,0,0.4
0x4cefc44502782ea16aa260e86db7b1df9092bcad,2,0.4,0,0.4
0x7e80e87fb4490edca4bfc31c4a339df8c3e0ba93,3,0.4,0,0.4
0x3795244f9afc5347e17b2493a3774d366f63076c,2,0.4,0,0.4
0x39f8b8d75ac8a05d330259cec5c6e91efb2f6f3d,2,0.39008422333581794,0,0.39008422333581794
0x7d699e22b875e31739e5f82784ef7e9aeededb6b,5,0.38459609490747576,0,0.19476958605648087
0xf9618f5eef7ab2ade5da71508e73ff5f1df6fc4b,2,0.38,0,0.38
0x935e9b501e535011edeef728d93c3ae059026b0c,4,0.37,0,0.13
0xcf99567a5385fa481352226e3209ee9d794dd9b7,3,0.37,0,0.37
0xa86386b3c0879cb22dc21c4487bf9611927c442c,4,0.3524,0,0.11
0xb381e79b482b40dde262ebc2f38a608d61be4a06,1,0.35,0,0.35
0x1a04bbe50e9c1c2bcd2d1fbc28f403ab1c8542cb,1,0.34913814,0,0.34913814
0x580b2f5aef2ceb92d42955a64032c9a0bf69baef,1,0.34833829,0,0.34833829
0x962144dc939f00b80dcbb3e0c1578542bdb473b1,1,0.348,0,0.348
0x82b246a40a047a9532235fb0e7cd6b804d3f4011,4,0.3419953935880445,0,0.33446889414722614
0xb99a26c14c225f47cdee28db6ff43edb7f5075ad,1,0.34,0,0.34
0x0310fdd171147d5352ea6a89df7c0e179ab3ab8b,1,0.33450016947600997,0,0.33450016947600997
0x3554206a69869e19cedb04f27a20f57248596577,2,0.33,0,0.33
0xd11f57fd2dda3ea93df231dfdefa62d4e59509ba,1,0.32157365418097306,0,0.32157365418097306
0x6f96aa8284954732481e7b3c6c352c3e50115afc,1,0.32,0,0.32
0xdd5f79c15cbf27039ee743dbb4ffb3eae573bc19,2,0.32,0,0.32
0x10796d282d9d76a33c53063f826e9bbd6ca20fb7,2,0.31903432776941765,0,0.31903432776941765
0x012f2f8f67bc0eabd8e66734dfefa3923c837140,4,0.31484525580787975,0,0.3093241242153704
0x50efa2617145391ba7eaf383821384c1e7f4fba3,2,0.31,0,0.3
0x363ee4bf814f1716b0c0c0e41f6cfe9bd4613d10,1,0.31,0,0.31
0xc7499d0a5c6a8607cbb5251b823f0eae52a2b42e,1,0.31,0,0.31
0x2ea32f87107e50a168ea0834bc92501226e1279f,10,0.31,0,0.1
0xd6af4607ff31dd9dbd73a1eb902d89e059b28065,1,0.30793595511048544,0,0.30793595511048544
0x53a488b018763a483915b66e5982b030b1c39fdb,1,0.3028886285774489,0,0.3028886285774489
0x100d11a85e32c51183d10e7d51c8fbebf950bc05,3,0.3,0,0.15
0x4509f7051e0b5c18c70e86bf6b7ca808246d3f2c,1,0.3,0,0.3
0xe21081be010b30cb19bcd845f0d9cb5b14ec6137,1,0.3,0,0.3
0x36a2ffb33c1b427c46c3d30adac3ca4e8ed36179,2,0.3,0,0.3
0xa68fe72106d2b214ed53632d8898c5d74e7300bd,3,0.3,0,0.16
0x805baccfb99cb274b5e42a5448995ec014a66a25,1,0.3,0,0.3
0xe99c940027b2b9795790f8627fac1d8d58a8d119,1,0.3,0,0.3
0x85b73dd13b80092216f2d799c5af2184bd4b9d82,1,0.3,0,0.3
0x63b0106526511dc77e5934dd95f41d4fbe4ce2d5,2,0.3,0,0.3
0xaac8f24ce086fc5ff5294f369836ab545b95eddb,1,0.3,0,0.3
0x554093b5909be41a71ef935a8bda9e357f16ce1d,3,0.3,0,0.3
0x0c7d3efc9948a54b3491a498f1e579b1f44f000f,2,0.3,0,0.3
0xf0d0479a7de52a938c0dfd613ee249b349cdc606,2,0.3,0,0.15
0xd745d61336eebeea8ad5f8051153cf5e9b641959,1,0.3,0,0.3
0x3eb67eec158cac7238dace24c9d34e78b133b875,3,0.3,1,0.3
0x9a1ca5c3c3eaf9e7c36076f5d8d3649d680b1767,2,0.3,0,0.3
0x45d5412b248e773ea1282709b39dbdc64c4c9648,1,0.3,0,0.3
0xe08ce686cde6c93e50c14508b8a0694e1a5fbb2a,1,0.3,0,0.3
0x0ef8582381874780e4cdbbeaef8bfa1f9cd34dae,2,0.3,0,0.3
0x67e14c7d892d94c31c0a071969996c7019a85142,1,0.3,0,0.3
0x0df302397038678af737eebabc1f0289282f1f60,2,0.3,0,0.15
0x8fbb03b7b366fd7fae49521d4d327e4734e5703e,1,0.3,0,0.3
0xaffb9ad129e2966e60701c32d4028fdf6ffc27f9,1,0.3,0,0.3
0xab48de856930c018238c226d166feaed3541ec7d,1,0.3,0,0.3
0x65dd9b61d3a778f0d3e725f877397e15eddcd232,3,0.3,1,0.2
0xe9f5f982b1bd414d7d2a51b1e806292c6d49745a,4,0.3,0,0.2
0xe2edd9e22a972c098f1d2fe1251205d268261d09,1,0.3,0,0.3
0x2c1d044cd2dae22dceeb900a57f15694826c80ec,1,0.3,0,0.3
0x6a7b15eae23f76a2f3b163523bc31939f528c604,3,0.2970186020480081,0,0.17774626878514396
0x91e1ea1905254efa56bcf4a593fb8be9a16238c6,2,0.29,0,0.29
0xaa895a361afaf9067a278c61b5c1f77743531fb0,6,0.28,0,0.28
0x9433746bf247576745af2db02217fc89038a1c53,1,0.28,0,0.28
0xaeff7d9b1f21b72e8a6085fe51ccee6db85f9f33,1,0.27,0,0.27
0x51985e0b5c976127b6ab0100c3494c3b30e44418,2,0.27,0,0.27
0xb3f9ba0f85ed2ffbf41f2d5eccce29b0f53b414e,9,0.2584,1,0.05
0x3253f377a15bb8892c352ef8b4ae5f0092930de0,1,0.258,0,0.258
0x4374c0256af6bfe89673bdecf4559b41525bc982,2,0.25284667771966574,0,0.2
0x9c8d35b6082c19103db57bfea3860fd436dd594d,2,0.25119347955053734,0,0.22556114194143148
0xdf04d986148cb1d267b8f61290b804d05c3e9bd1,1,0.25,0,0.25
0x5b5a10b5eefaf2e111d643e0cb88ca1af6fba928,1,0.25,0,0.25
0x1feac3a4592f0f9e4b68f07721e8e0d7ba45ec2d,1,0.25,0,0.25
0x38850b9cba8be750ce7999ae2df2d4feb703a3e4,3,0.25,0,0.2
0x3988dff5d29499038c5d5124a770c6557c2c146a,2,0.25,0,0.25
0x34a6faf7b532d7e08d42aefebbd5836426d54875,6,0.24,0,0.24
0xe7469d445049b9232bb684cde7ae2426b83520a2,5,0.235,1,0.12
0xad5143f91c756ad41d2aed74b5309a3667cd89b9,1,0.23281786632115795,0,0.23281786632115795
0xf1367a11f1e5f3f2f676dc567e0ced2937861022,1,0.23,0,0.23
0xdf7ab5303adaaba0b35ff8e2c867b64b5e060305,1,0.23,0,0.23
0x4acb91c0fa3272fed31dc04614b0093c3cf7bae5,1,0.229059,0,0.229059
0x1e120c98807c580e132577fd9cf70f880232638b,1,0.22530302435012134,0,0.22530302435012134
0x24403ee5bdf88d0dab6d2a060b7da9fad40dcfbe,2,0.21774463692081109,0,0.21774463692081109
0x40cddaac6e27bf31ee512efe23f06f1e2e777477,1,0.2132767464271984,0,0.2132767464271984
0x422ba11c93b79562f64e7e10f2d5df492062dfa7,2,0.20852205099967067,0,0.194
0xf48985b04b3a4c499ab2ccc73907d6ffd6a46f46,4,0.20755298857319107,0,0.16
0xd721e54a63ecdbbbebed595d2007cfadbb3ba4e3,11,0.20139032879768645,0,0.10140388929375697
0xf25bd51a78a5e8c603fe7af333377a9bc46e1ecd,1,0.2,0,0.2
0xd84a8765d013c89caf238db04956e8d978f8cba5,1,0.2,0,0.2
0xdb22e3720bfc2ca751ea86538df1c5d1cbf621a4,1,0.2,0,0.2
0x7c1659e73075beaf457fa71942e8cb241eb9e7a9,1,0.2,0,0.2
0x2e1b346a16911c5239a99f1e6ac1fcc208990bb6,2,0.2,0,0.2
0xc1e18ba58af96f79db60e034ada09548af46c4dc,1,0.2,0,0.2
0x84a457c02437837073cc4147de10b802f9974a84,1,0.2,0,0.2
0x95e601b0f67a1b0ef926518b968b7ce95b9715aa,1,0.2,0,0.2
0x6990fba44edb1ce375cd5c0f436f8f51f1623cdc,1,0.2,0,0.2
0xd75b264c614cec90efcfa3c0880e0f41585bb3f1,1,0.2,0,0.2
0x310e0565b3d000ca4bb4c81cb548f132a35a053d,1,0.2,0,0.2
0x532141d25aecab80836504a3d703139b2895bde8,2,0.2,0,0.2
0xd0bb1eb27aebbc2f2d9460900cc73bbf714cbed1,2,0.2,0,0.2
0xb1f42c59762fd1f49c00d2d768154e723f956cba,1,0.2,0,0.2
0x57f0a77038d0103a86bb1c5fd7917869eec00216,3,0.2,0,0.1
0x83b6b229f0901ac1c77bf4534de2abb8863c98e4,2,0.2,0,0.1
0xbebc0741b16dd0210a7b96c512195f91528a2d55,1,0.2,0,0.2
0x9a31535c77041b63b470b4491621e3a24148404f,1,0.2,0,0.2
0x2c7915d7d8fc9939d633b8406a1b2830317070c6,3,0.2,0,0.1
0xc6074bb4bc906ff50709f947b71e8dba59544cc8,1,0.2,0,0.2
0x571dc9b8a51e59f2845aa0281b3d21ba9d2c6b9b,2,0.2,0,0.1
0xb42f9519cbe67782f3ec836360e3669798b8cd70,1,0.197,0,0.197
0x622a85e95233570b4d769ee11097df6af7c40efb,1,0.19515376,0,0.19515376
0xf0ced75e2416ff3fbd9568b05b463a5d72a21752,3,0.195,0,0.16
0xe641b77e2fc471aa679540b4c59990836626e180,3,0.19,0,0.1
0xd44a6926385d6b64e34942f60ff7f61d05755930,2,0.18473147,0,0.18473147
0x0a0a95622c628ec59a15319e00f574d5ee3ab550,1,0.181,0,0.181
0x3dd5e9681b3e6266b4bf1d7d823759c48835fdcf,1,0.18067908233094082,0,0.18067908233094082
0x5d39e4d4ce6fc8735f595dd0360f606aac6111c3,1,0.18,0,0.18
0x5c87ecc36bb97380469be09ef95dc4daf50165ec,9,0.18,0,0.1
0xaf30e13a959c792e1875be1252b4264b3185133d,1,0.17,0,0.17
0x95b26577f3afd9f2ca7299e50e790e959a6f37ed,3,0.17,0,0.135
0xfee79f0feae98315406507eafaf54e14920fe66f,2,0.169,0,0.099
0x9eb643d5ed9ac234a571b204b7215946af9c09f2,4,0.169,0,0.07
0x7d804a888366808473ea7f95749b2b6843b13414,2,0.165,0,0.1
0x5d606e21b09797cf82dc99debf812d603d66004e,7,0.1595,1,0.05
0x329bf99f39de48eae0aec2ba6b4c9b5034b1f42c,2,0.15409223761516305,0,0.1
0x099c208e21a30fd793c5229bcfef9506c6baf496,1,0.15335001273289184,1,0.15335001273289184
0x03ee66dde6bef1c63d62e85b4df0442ca36dc589,2,0.153,0,0.153
0x5fc7467f7b58fba859231c0df65c78d17271931f,4,0.15,0,0.05
0x24fc47f3c79441c0c49a8c0c7d5daad90147b1ac,2,0.15,0,0.15
0x3a35e0af258df495559430c82d6eef414d1770e3,2,0.15,0,0.15
0x8f975c8ff7eefcb7e160ecffac401841473fbd15,1,0.15,0,0.15
0x75b853720d6ad95b8c108f6a52984f5ad8db6c3b,1,0.15,0,0.15
0x46dd4c2a4ecbd70a7ffda08eed9d951f1ec1dd25,1,0.14867423615170028,0,0.14867423615170028
0x2a46e082c84a6d4f8a87874f787a9944816315df,3,0.14714536294,1,0.065
0xb4512bdf46fba7565ed55908e9b295a2bef5fec4,4,0.14,0,0.14
0xc9673c6d77564655421a9b23a3fd2b9606bcec2b,2,0.14,0,0.14
0x805a7bf57739eb5f0b3a56fe89359c4f9c4e69a5,1,0.14,0,0.14
0xd7d8b1b64a5d29ca731af97f573b9880bbf88d14,1,0.135,0,0.135
0x176dde5c3230ccf49a5adde6cb17fc27e2bd59c9,2,0.13,0,0.13
0x3fbc94e538b9ecf14ce1f3e29f71ddbfca708735,1,0.12899849379217754,0,0.12899849379217754
0x18739f763edbc2d488ef37c876e8b644c57ed780,2,0.12801579990243753,0,0.12801579990243753
0xfa269ddec845e1f61f0466810a137a849d5eea20,1,0.125,0,0.125
0x6c237cc71c869935e5e1c5d198962adbf8f2f06f,7,0.12453649793973309,0,0.0759
0x307f7669be37504f452da8cc9fb002a374e605d0,1,0.12160491,0,0.12160491
0xad6f4369c54cf91e8f98396fbfed79d1184065d6,2,0.11861756203533709,0,0.095
0x25a4b2aae47804051a6712b61f3098be98cc7440,2,0.11830712605696694,0,0.11830712605696694
0x8092749624656af02b8833a7b532e697a95b3983,1,0.115,0,0.115
0x729e91d9e46d5b6dc21fc219b14d81616d5e7ada,1,0.11003230018076007,0,0.11003230018076007
0xbaf8b343b4d86ee8a93fb385d52fd000b2081065,5,0.11,0,0.05
0x8c60e7ad8074409d52983c11c8989e9d72c33b5f,2,0.10607487688027538,0,0.07624651079157234
0x1f896bdd76eec8aeb02ea654a6e17c19d7e0859a,1,0.10577469850248428,0,0.10577469850248428
0xcef81875197759fbe9c4ddd6080e8da96ce7d539,4,0.10011179,0,0.03871332
0x3f82892c0136d6f0139f02b348ea80b102a87fb3,1,0.1,0,0.1
0x7f080b8f144f98472dd94da647042888d6cb6a7f,1,0.1,0,0.1
0x3b6eefbc8db33bdbe8ef690839725760b797b335,3,0.1,1,0.05
0xd1f74d5a4c3515f4dbcd71edcab9bde9f18e957f,3,0.1,0,0.1
0x0294fe603e597612aae145a6ab2b449a78b88d2f,1,0.1,0,0.1
0x5b78fad3f70dd9a1ebb32350ee838de6e511b938,1,0.1,0,0.1
0xfa17f37892acf93cd5a5673884fb5abe5a819bbe,1,0.1,0,0.1
0x49dd6ba2fb115515de5c9562c4cf9c7ff68ccc25,1,0.1,0,0.1
0xafa40655f17c85a458de3b62ecec9b977488e951,4,0.1,0,0.1
0x27ab833339da019e2da420fde64b772f7708a57b,1,0.1,0,0.1
0x0b7a781b07b1445d89f059a685345b287fffb7a6,1,0.1,0,0.1
0x2069a5a4fff34054bb82cc2cb3b030b527c15002,1,0.1,0,0.1
0x9f26675ed1c230618a7ddf6682103b28e001ff08,1,0.1,0,0.1
0x3ddb45b71ae6234f2cd143cb3dc4e322b69f2c00,1,0.1,0,0.1
0x0634eac0c9c8620baec10a4c34958afdf781854b,1,0.1,0,0.1
0xea0e6ac948cb5d554d322349e5a2a01425a954b4,1,0.1,0,0.1
0xfe4e4be6223254d532ae0793e79e79b5541972e6,2,0.1,0,0.1
0x77e59808db53339869693c07391b06904229bee5,1,0.1,0,0.1
0x4ff73157f7b28b1829942acfaec51aaaa6e9151b,1,0.1,0,0.1
0x3c9b19a4c803f82c1fb2e509c5f263fa81b8fa02,1,0.1,0,0.1
0xd94e5d0bb3835d56b2c948f7875d01c455469a79,1,0.1,0,0.1
0xf3125e4c640cc577a641b0b43899456c8c67b271,1,0.1,0,0.1
0xebd1a063166b56e3db4f3f334abad019679fc28f,2,0.1,0,0.05
0x22178a647b77ccecb687ccd464a2d890e3ecc4b2,3,0.1,0,0.1
0x06f9bdb0ec42d8425a6b2ba0885b4e4fabb45ee0,1,0.1,0,0.1
0x8ea5193b5c8e06195ee4d35d3d7fff56016e42c8,1,0.1,0,0.1
0x82d3c857055f50463720a4afc9186aa1120eca6c,1,0.1,0,0.1
0xc70d94dc1c7f61c93fc9c2dfb5c4580d180f2790,1,0.1,0,0.1
0xa74246bcfecd23b7f5cddc5bf442fa0f236110f8,2,0.1,0,0.1
0x0880b4e79cda8e8508467238e0ebb6bfc00386a9,1,0.1,0,0.1
0xbe9c43425c31cb6758c4b86fc462ca26dccac653,1,0.1,0,0.1
0x8d1fddb5cb83739f1f40f4a1679344df3a9bf191,1,0.1,0,0.1
0x2e6006d85221bc7c42f95a609d3f64450796ebcb,1,0.1,0,0.1
0x60306d57f2c1f4f09cc9d0f222eacd79c2265fb4,1,0.1,0,0.1
0xa3e5b459fb5fb87f21a0ff8fbb2e378f35a30510,1,0.1,0,0.1
0xd844389d65ed8db4cb3d9b449fc6bbe8a6eace07,1,0.0998206,0,0.0998206
0xb1b68e281f5b547f6fb3b6c9595c869840c0815d,1,0.09978703431545953,0,0.09978703431545953
0x2145bf1f7314a534cd107f73d03075ea18c93f86,1,0.095,0,0.095
0x895f9309a1f516dddb0da67c2cdd21fabe37e9eb,8,0.0948478099219096,0,0.05
0x962a4984468d0a1afe7e804c9b92914a7c7072d8,1,0.094,0,0.094
0xcd7e9dbaa5238164694edd3231b5bbcd6208b1b4,1,0.09211244246924936,0,0.09211244246924936
0x5f1c1801789ff218eb2ffe80b8c3ff7196a80829,1,0.092,0,0.092
0x4a49d9365d0169f1bbc509814e1c17643ea7a0d9,4,0.09,0,0.09
0x69a885b039de62a9a5f5a984a2dbedcf222162c6,2,0.0897783562838012,0,0.0897783562838012
0x37d451bacc5442faa3b7f9f5f55b6c61bfc5a483,2,0.08953252,0,0.08953252
0xb309e26cff85b34c47b247f3e67640d2a5ec48f8,8,0.08891595,0,0.02256308
0xbde35d4b3d9ad9265dc3d4bf79c232c989214727,1,0.08786289855756428,0,0.08786289855756428
0x2bafac5f6a90db66c548d40a980efdc56f80224d,2,0.0851,0,0.0427
0x7cadedf11c2e989746f4127e4ee4bdee458ce058,2,0.08496688561045453,0,0.08459696027259997
0x55889450157157c655f075082994515d478b7f78,1,0.08,0,0.08
0x68d770e01a4748ff515184bb8f658b2528e4fbb8,1,0.08,0,0.08
0x19c9afc491445c7f4c5373017e7f636783423f56,1,0.08,0,0.08
0x691ca601e55a93251b5ab295f006f8a0036bfbfd,4,0.07845251577650998,0,0.07845251577650998
0xaeb9633b513d24f4d9b66e3065d29e20a335aac5,1,0.077,0,0.077
0x32e0daca3ea50be667f89ffd59664adb15846b85,1,0.07676994384663459,0,0.07676994384663459
0x7b7e88ad9938a788a286ceeff31c6aeb99708ff8,1,0.075,0,0.075
0x75011048a48a1285e8e919893d7e4630c5a9ccd6,1,0.0742945059379062,0,0.0742945059379062
0x08841eba50b0e252ade6bb4d689c95a844991368,1,0.0708827933337206,0,0.0708827933337206
0xdee09fcf5f8f4d49603e37a9c9dd817606009d8f,1,0.07,0,0.07
0xfb30bed32bca83add1795523234c0e28e0ee48c2,4,0.07,0,0.05
0xffab1252463f7aa3c8d36e779d044bbc231fc13c,1,0.06838434475966015,0,0.06838434475966015
0xec089102171704864697bafb220529a54568c099,1,0.06098890778809966,0,0.06098890778809966
0x92ae1c49ebced99654ffd56e175be7a57dd71942,1,0.06,0,0.06
0xa7fe93b9c699c73ef4d9cba6df4f3cbc910c85a3,2,0.06,0,0.06
0xbe8e2d56fd86761267624d44afbdfe1365c278d6,1,0.06,0,0.06
0xe4e4a749e83ebaf4d9acbb2271ba85f25d7c00b5,2,0.06,0,0.06
0x32255353c0a353a83c63196eb4e5bc9bdca62e04,1,0.06,0,0.06
0x2c8ee810705752a1afb18c0d89ac547a5916b994,3,0.06,0,0.025
0xa5fad06dc49c1ccb59fa86ea23b4b3f9b4266e38,1,0.059,0,0.059
0xab5d8e407f4631c5453566409aa412afe65a36e2,2,0.058,0,0.058
0xa44d4c9651573d7ac56d76069151064c20237825,3,0.057442990244249516,0,0.04920907
0xf024ca2826e9aa8a5e79b283ed7aac4802d62675,2,0.053111705412949815,0,0.04
0x8572fedf4b7872e04392662bf8b2e66f89ab4ced,3,0.05085567876989909,0,0.05085567876989909
0xf49da06ab5ece9754b2dac760b8dabe3c605ae15,2,0.0505,0,0.0505
0x126aa072f1aefedd0dbd66e67053d475f637539c,4,0.05,0,0.05
0x93c916d6fb77ef81cc5cbedefdd68726d30e806c,1,0.05,0,0.05
0x34c80290e0e0da20259cc8128370783b21ac9b31,1,0.05,1,0.05
0x2690f890015ea181c822c98ba16432f94cf661cf,2,0.05,0,0.05
0x9660a9643bd61ef8d7d78599b39e4822cb9a2746,1,0.05,0,0.05
0xf388618708231d632323c5361295ac004db0170b,1,0.05,0,0.05
0xc9ce120888b8d1ff5f94c417d693a2d475bde79c,1,0.05,0,0.05
0xd3fe008d5fd043058b76a5be7d2dea225ca4dca8,2,0.05,0,0.05
0x42dd08b73b9d59d67f7b167ffed5accd114e5a75,2,0.05,0,0.05
0x4d26e10a2b54b1d4d4c1d65039f4ec0a033df93b,1,0.05,0,0.05
0x8dc97d7cef695902ed53875b95f6966ee6f584af,2,0.0461449,0,0.0461449
0xdb8e8c4e7e9f3352cb1ba633277470dbb062c4a3,1,0.0444,0,0.0444
0x8b6cfc906d4f098065e69f69b9232a83f87e4b88,1,0.0443339120696958,0,0.0443339120696958
0xf7b23813faff9671cccd6becb67f7c9037720593,2,0.044,0,0.044
0xc93cdc07c354bf26012333feeb1511cfbbb4e2e5,4,0.04075806,0,0.02113852
0x314fc69bac8f7075acbb203bf4679e89864250c1,1,0.04,0,0.04
0xac09006fb8cadd0276ecdbebfee735242c0c5645,1,0.04,0,0.04
0xa25c21e4651f5c21bfb82872437e4b0d6dbcb23c,1,0.04,0,0.04
0x81b36fb8b1fb0a190a88855389f96b42bedce611,1,0.04,0,0.04
0x96ec300ec3d85dd416a028707677b5fa7e608398,2,0.038,0,0.025
0x0cf43e6b9fa16d2e8eda8d2a120f2d3f5bf8bafa,1,0.036,0,0.036
0xaee2951a0c514ff7d6ca11968f69246fbbd2f412,1,0.035,0,0.035
0x8442a5169587bad9131a0a144475846f38d5c971,1,0.035,0,0.035
0x3c8c46dfa22edc4eaaae3a887447433bcf74ce3b,1,0.034002518028328384,0,0.034002518028328384
0x1ca426980d4b5d241a8bc712f2e938e3ea4448ba,1,0.032393718850905126,0,0.032393718850905126
0x189aed9904cf9820c6e27014dfe9fab547ce5a4d,1,0.031662781647586534,0,0.031662781647586534
0x67b955d9d86abf37f01f3959b847520733d2dad9,1,0.0311556,0,0.0311556
0xb263101006964a3ca81f0c25c49c7d9baf3bd8fd,1,0.030605523593049785,0,0.030605523593049785
0x04c88941ffb83363ae4db1e17c16495569fae8c0,1,0.03,0,0.03
0xf2832bde3098bb37b57f9f0e8850c01d1bed44fc,1,0.03,0,0.03
0x9fcc0184d7790738a33bcdbb70e7ed508f6d97dd,1,0.03,0,0.03
0xcfcfab16347aace68f5b24aea742f9b3b654c5e7,1,0.03,0,0.03
0xb83e309bbe271d881cb14497fdff0a51924b049a,2,0.03,0,0.03
0xebce1cba1c082360a881bd967b2837ba6f03c74d,1,0.03,0,0.03
0xc8a148115e338c54fc8b1490d06db3172b0b2af5,1,0.03,0,0.03
0xb9bced5f4a05d1a296db34a567018b5ea7a08ab7,1,0.03,0,0.03
0xbe6c55539304f2819256d9ff6c0643608c8d5142,1,0.03,0,0.03
0xc8f9397b05c18e4c2e7294bfe360bb169fde9a34,1,0.029,0,0.029
0x73a8e67b77b8a5bf5b8caf3c63215091a64fcf88,1,0.02882292343199921,0,0.02882292343199921
0x9106aa84146c46789fc941fe52e4a041529bd0d7,6,0.0285,0,0.0125
0x052f681743a4d5e40b69d8dfa051631a2795f4d7,1,0.025,0,0.025
0x53e720d22db314352f57c3d4e984d1a64efa3995,1,0.02476,0,0.02476
0x628e2d8f90bde8d90747389de8c9d9ee9e362acf,1,0.023,0,0.023
0x85deec1069576f06f637f05f684133e9609b4eff,1,0.023,0,0.023
0xee01854a8a14b43713ed279052df1fe298691412,2,0.02278916714977462,0,0.02278916714977462
0x096d84ded02f43e8bb1fcbfc7ce9fcf2433e8a2a,1,0.02174114912965272,0,0.02174114912965272
0xc6dade49588a75fe89c89b4eec840def1a53910a,1,0.021276367182933128,0,0.021276367182933128
0x8567cadc4194d244f254e4f2a952ab3dcb7b66e2,3,0.02,0,0.01
0x6e1392ea212fc38469ea09f244996f8162f310c7,1,0.02,0,0.02
0xf94b8d5d3bf2238884a8e5c73723ae5b0f314e6d,2,0.02,0,0.02
0xa76e9e0b8d1bd8993f9abb137b4071eff7882332,1,0.02,0,0.02
0x97852f1a1e99ab96ac9dbae42b8502088d9be7ad,1,0.02,0,0.02
0xcd15c89226176d724fd4c76fd198a6d2dc13767d,1,0.02,0,0.02
0xa2eb42b3e8091e2ec27246a598c1eff4c145b342,2,0.02,0,0.01
0x1d86c15812054ebbe3c6b9f6ac10b909d1cc543f,1,0.02,0,0.02
0xef5e223599b1e77b0d7a9bcb748923f19bcd083d,1,0.02,0,0.02
0xf3c697c775bac8fb3cfb759621e268c2a5f700bd,1,0.02,0,0.02
0x7185d285ab71b32f3d46e116e3a093098aa89cf4,2,0.02,0,0.02
0x86f6988bab777734522aae2c12d859e30225ce16,1,0.02,0,0.02
0x3cd792bf93d079617158ce70ed540e7f368ba541,2,0.02,0,0.02
0xf03b0f33f987184a7d918b3fddbf124dea34c0b9,2,0.02,0,0.015
0x0be6e4d6f36afea0294d18bf7b2f9c511a0304bd,1,0.02,0,0.02
0xb4a8b2df94f2a03680023cd5e958857d24b1a242,1,0.019895825457902423,0,0.019895825457902423
0x6aa96ea7b0397afa06fce00e2ff6636fdb042c47,1,0.01942974084672168,0,0.01942974084672168
0x8017188b1ba5c9651e7ab227e3c48b022d5f5d76,1,0.019357646195714746,0,0.019357646195714746
0xd25071bb3c5bf8a2627dfea64d9f26a2932331a4,2,0.018,0,0.018
0x8331110eb2353d57968159af3650ec6ec0b094be,2,0.017682074142362777,0,0.010804838804500604
0x08385a5b90fc875ce8c3d03ef509b4300f95af6b,1,0.0175,0,0.0175
0x8982546b44cab7d4b05c289f61312bd62db3a52e,1,0.0175,0,0.0175
0xc7fd181a1eab62d7f041bfa9444fd7a28e033f59,2,0.016779929255974997,0,0.016779929255974997
0x0332bd4495c4a600125d1e83d70c173bfee0b4b7,1,0.01665432111468535,0,0.01665432111468535
0x95a7e82d38604d603411e382c58ef0ae15ef81ca,6,0.01572420043516656,0,0.01572420043516656
0x9f17ff3fae595744ede243c60c329e20b9815980,1,0.01563959878140861,0,0.01563959878140861
0xd8eb5dd0d1205c8ddb0767a50485a50231f6e229,2,0.015498183283247764,0,0.015498183283247764
0x6d258fcae6ec081df370855a7bb7e94e5f086c95,1,0.015,0,0.015
0xc92f0c264e72fecd9c764b700ef38c6bd3fed576,1,0.015,0,0.015
0xc576f76a1c87d06c6768228309387a7dc2bffd3c,8,0.015,0,0.015
0x08210cdf531bf9433e0172895dd42b380fcdb8fd,2,0.015,0,0.015
0xc5abac6c80010c9d300442142152f9a7caca2f71,2,0.0141766,0,0.0101766
0x2d6f068e994e0a12dfed87dcd1995e3db3ee79bb,1,0.01382261,0,0.01382261
0x9946c66a8549ec428d799df906236eff4e1257e2,2,0.013621038440022002,0,0.01
0x50c4095d463eb208b7ed2faf8f496d605687cfcf,2,0.013499797044584184,0,0.013499797044584184
0xada0a64128b1e063b653c7e07a61aab63d01c0ff,1,0.013,0,0.013
0xc708410708ef150f30c9690d62d7e6ca6ae3c923,1,0.01288201364592271,0,0.01288201364592271
0x288e3e62826e0d915895beda6de58ad8e1f2bb45,1,0.01236,0,0.01236
0x23a503cf1ffdb60c849f2cb12bb5ead6a0eb2ce7,3,0.01210674,0,0.00860674
0xda34b580613710707f758724f5bbea1cb8e011a1,1,0.012,0,0.012
0xe2e71e314db6c7d033b19ac8e64e2e769b880ebb,1,0.012,0,0.012
0x6aaceb08fb937c0cade673b380c760845b26d9bb,1,0.011605777212813884,0,0.011605777212813884
0x68f7f31a153924cc4caf1e9ad3d8f89c41b461ec,1,0.011,0,0.011
0x14f493a0d4b96163900dd62215ccecc5054db7af,2,0.011,0,0.01
0x9d83738f81ad6112ed7a6a4189a0a325528514e3,1,0.010584660802893569,0,0.010584660802893569
0xd682a9a974aff9bc6b8771bd419e6d1bc2e97f47,1,0.010048414527246956,0,0.010048414527246956
0x3d27bf99fccfac60903af7468e24a29db90aa6c5,2,0.01,0,0.01
0x168d54cf236ab6e579a75222396b4403340ea73e,1,0.01,0,0.01
0x983d48d2d457872e8297f0c5a0bf62ddd6fdf67e,1,0.01,0,0.01
0x1d405d2f0408210aba1e008ce4d35e80ec94eef8,1,0.01,0,0.01
0x2e0af5a9ddf961ba6b231a6cad94851ad27da1f1,1,0.01,0,0.01
0x096feb0b1984a75df065ac6a46a049de06d8b875,1,0.01,0,0.01
0xcb6712d0877fe29b9420818b5965540aa88d9126,1,0.01,1,0.01
0x2c2068254662ee37e331eab3a169a8b7ae8544ce,1,0.01,0,0.01
0x796bfaac4e72ba9f04c933d0615577d429ba616f,3,0.01,0,0.01
0xe1bbee8d82dd1256d495da0cbbb38d3af993562b,1,0.01,0,0.01
0xfec5f07a15c5d3273d395f7ae041e3d9e6551caa,1,0.01,1,0.01
0x65f05ef568ea9f54d6fb2192373b6ade76cfa713,2,0.01,0,0.01
0xc003459a55d73a9b80db1dd2a306ba0e9d0c9ffb,1,0.009768306254311064,0,0.009768306254311064
0xc5e5f75a5272b150c2bb7aa2f0eb1ec0e2ee9866,1,0.00963991,0,0.00963991
0xae1ff96fe632aaafb09073df01e318ade4dbef0f,2,0.009,0,0.009
0x72479ff7dd2445548b94120d28a6a269f3a69ee0,1,0.0089195,0,0.0089195
0xbee641393b0b5cb23ccbdeedfb7a9ad917d7ba42,1,0.00855,0,0.00855
0x41a191bb10c7fea74d2975658ca4aa514d5ce5eb,4,0.008450753281496992,0,0.004
0xbe6e230f1bffcc1044007a272bd9e4c086afb7b0,1,0.0079639,0,0.0079639
0xdf683219bccf2bd273ccd101f4e53629f6c5c20f,1,0.00765409,0,0.00765409
0xb4a3283c41cf5e34f55d8de6ed166bd3c60ed0d2,1,0.0074,0,0.0074
0xba96be5d3dd43f3d005331fb4b7ba634c4fa7c10,2,0.007,0,0.004
0x8787070d530df01c7076ccaa3a303df62f9b7080,1,0.006465222126809564,0,0.006465222126809564
0x5b4601a4ad0d585f1f003da5321a640bc3439e80,1,0.006388158398603307,0,0.006388158398603307
0xfeb4f1c1a2293e38b134d5fe8a3a0c8023cb7eb6,1,0.006,0,0.006
0xf978b263f67bad7ad4122b2574925c1c1e37fcaa,1,0.006,0,0.006
0xbe3346e9faa0727dbc4e6b83eb3478b9ee857f1a,2,0.005318909812997936,0,0.005
0x61b449f25d89c5d4e8665169d1d672772522aa55,2,0.005248567099979613,0,0.005006716110797896
0x7aa0b89907b0057ae07e8c3e1fbfd1546bad5a69,1,0.005030605558090778,0,0.005030605558090778
0x8aefa40bcdca1cd6b4ef57166f3c18fb6b127541,1,0.005,0,0.005
0xe63c9bcc05dc33f6298c7149c71e8d89ca446c4a,1,0.005,0,0.005
0xfed21abc2317afc25f52bfaeac7e2204b101af18,2,0.005,0,0.005
0xc5dbf746e12101e5be918e447a4b9a7ba022326d,1,0.0045,0,0.0045
0x832b0dc0654e7e78e43c60d29df7397ef6e1efb0,2,0.00444230070541136,0,0.003551209576886411
0xacf6538e31edf72562a12260c90b29a69baa9edc,1,0.004424430058579,0,0.004424430058579
0xeb6b456a1b027039a8909f288009eb76535097a0,1,0.0043,0,0.0043
0xacf2df2b7837bd5423b1372dfb8ab8f0b19175ee,1,0.004181240524826928,0,0.004181240524826928
0x85cc85df2a3fe8707d5d035e35235d0c686f5d71,1,0.004,1,0.004
0xcab7904abbc91c93d56f32905a3eff5541d0e5fd,1,0.003977802395148289,0,0.003977802395148289
0x9f853363363ba04682db2cca616ad3548e3eea5c,1,0.003795985565826885,0,0.003795985565826885
0x7c9672a3f523d71060f9780aa48140b3268ca27b,1,0.003491461771915791,0,0.003491461771915791
0x0854cb0f0272f27fece14942c688067241f39ad7,1,0.00348968769005009,0,0.00348968769005009
0x0114bbfa949c92efc3a01a5381d811c3c452f975,1,0.003434788301037742,0,0.003434788301037742
0x0afb13b33a648d312a932f8669b7b650be7d1ac6,1,0.003344688049366677,0,0.003344688049366677
0x33d42ee0bb110dd51c31f62919e6d8d804afd81a,1,0.003243086321716303,1,0.003243086321716303
0x58d0f787351005e2af4e191598610766e00606d2,1,0.00318,0,0.00318
0xaa7d44dc2346af33b14c1b584497374392c83673,1,0.003143765596223124,0,0.003143765596223124
0x87523da2170516f25a84ea23fce35a334485296d,1,0.003075721245422006,0,0.003075721245422006
0x1770168efe1f3f8caf2c4187a0afe74410a2f91a,1,0.003,0,0.003
0xaf04e75be83af0367e88c5de537f155f59059b23,2,0.002924534474010141,0,0.002230275330552641
0x90262a9f8ddd7f4bd9ba4078bfe245d7f06be12c,1,0.0028502,0,0.0028502
0x818fd3ec6619f04bbd9c4f91a3342f45c13de39a,1,0.002654973761663875,0,0.002654973761663875
0xa7b4cab9a32d4601c1fb990b03661c7a9e5ff5a4,1,0.00258606,0,0.00258606
0x0dfb1cff09287ab1cf568b8b86b7ee224f5593f2,1,0.002169035914710455,0,0.002169035914710455
0xeb4491cec6d817032294a94c3202615fa7d8c234,1,0.002054653436480576,0,0.002054653436480576
0x6a739aba763387f701060fe7373ffcfe1f2b45fd,1,0.002,0,0.002
0x5aeed95a225aaa0c0eadc76d902b97f93145209e,1,0.002,0,0.002
0xecc80c9ee1b95c05815300651beb442f6d1f1440,1,0.002,0,0.002
0x550bf438afac55e221ed0496eaffafcf519df528,1,0.002,0,0.002
0x76c6333204f3426bbebf7afef8f6660e7599ed7f,1,0.001890188409018059,0,0.001890188409018059
0x7e44b1067ed219c2756bad68cb118deb0d90dac6,1,0.0018,0,0.0018
0xc115018d14f7364a0c807ed83636f719ed53c50e,1,0.001762119037377085,0,0.001762119037377085
0x2bd52d0f58f684ccec8901f83568628c3987aa4a,1,0.001706,0,0.001706
0x155927a89ef4a28e50b6473b5ba3c60f961bddf8,1,0.001676618008942067,0,0.001676618008942067
0xe690c2ce0a0fd4f8b9b8219a6137f4bbc85a9ce3,1,0.001249732547263199,0,0.001249732547263199
0x30614bc1e56bf9f30f2dda7898b520a20b560ef3,1,0.001,0,0.001
0xcab74285fc060c8b572587129c0cc12c16335ffe,1,0.001,1,0.001
0x046c5c8ebc7135bd8dca212332e56a6e7cbba6b6,1,0.001,0,0.001
0x2d61ec73813a1b1ed7beed5e488b52f421f89ff2,1,0.001,0,0.001
0xb607b7d8f4f59824e7145793c43c0c9fe8c3edc9,1,0.001,0,0.001
0xbdd29ec9f85d70c0cc06eeba1291d53dd9b952f5,1,0.001,0,0.001
0x65e11b2a66f39d601136f9757fac12fac455e828,1,0.001,0,0.001
0x060a49a1c4159ef5cd3b88a30f26c2854cc94628,1,0.001,0,0.001
0x74b548dc1f0ed8ef531a2485e23d3b7e89ddf48e,1,0.000996687251743219,0,0.000996687251743219
0xe23b3588217450e2b14ec159fe4c33db0595ad8f,1,0.0009,0,0.0009
0x137493654cdc8ac3af5e22fa71ff0be8e13284f2,1,0.00084648,0,0.00084648
0xce246f73784801780640448cfc52cb853a646dd7,1,0.00075,0,0.00075
0x72f35d90383ba9599babd549e8005e080dcf7f96,1,0.00073,0,0.00073
0xc785d0b28fd6d82e7b43a27d831dc931e2d0546f,1,0.00073,0,0.00073
0xe5bfd28aa91dc55f41d7ec95c542682d4dc6221c,1,0.000705042766538862,0,0.000705042766538862
0x025d2c416461437d15f6af337625c033668c3cd2,2,0.000623485113655095,0,0.000623485113655095
0x83216e82a4a0ae8c380433f1d0c452f34e513002,1,0.0005,1,0.0005
0xb40654aff859198ba06f53158dd938f45b544e4b,1,0.00048889409958752,0,0.00048889409958752
0xf8c23e3f8398309da4fe364e7ee690d8ab41844c,1,0.000384228589139802,0,0.000384228589139802
0xafbf789567a890ba3ee4af3f5757e666af50c51a,1,0.000377561781889765,0,0.000377561781889765
0xfc9ce570e6db2213049edc21111478dd69074fed,1,0.000358729596216125,0,0.000358729596216125
0x1522dfde6d69352024b5d6384b0866250ac0f090,1,0.0001,0,0.0001
0x14c4097f97757c369306a85aa1ac91e04f0bf5f3,2,0.0001,0,0.0001
0x23bafb1165fe53b3395c0b421867ca140ffc4736,1,0.0001,0,0.0001
0xe47afa5f86138e830c0cd63320b9b3e9b80c60a3,1,0.0001,0,0.0001
0xfb4b0015ccb490f631087a4867405b76ebfce79a,2,4.1167273763762e-05,1,2.065821188968e-05
0x6e137b457a1bd7851aeee19aebf9bbb64bf4bd4d,1,1e-05,0,1e-05
0x88eeb79b0cce7000142bbb474562663b4ab623db,2,0.0,0,0.0
0xc1cd3d0ddcf272a70e29288fa93eef34c30cff67,2,0.0,2,0.0
0xf869db7ca7ba6fa8cfd08bbe14804f9a2bbfa826,1,0.0,0,0.0
0x7d964605e0e48444fc0ea86d670e8d73d73c22e6,1,0.0,0,0.0
0xd95b8e8f413bbe038c8133051d5c65c1c8e728a9,1,0.0,0,0.0
0x3100e2ac9891c3ebd2650fc6112b39a27d1d5dc3,1,0.0,0,0.0
0xd325547b211d1bc4d87bae77da3bf594692c3b94,1,0.0,0,0.0
0x19366465183deb1d8e93739b7b5e656a979a954d,1,0.0,0,0.0
0xa06d83096655ea46173f8b3ddecb570f19653ba0,1,0.0,0,0.0
0xe5242f53e931037f0f6bfbd5a02ff2ec06dcab33,2,0.0,0,0.0
0x7ea0436e9acfcc86110a637ee30cc3590ed6cb0d,1,0.0,0,0.0
0xf54d31047d951da7bb554b9cb9dc843d05b37345,1,0.0,0,0.0
0x02f2df020aea51137f815e865c5adb2e23b2a21f,1,0.0,0,0.0
0x5f41e3076a04761d38d3aad6aae525d32e4ef89b,2,0.0,0,0.0
0x490dd3483a5ab5deeb6d095132d516d496b1b775,1,0.0,0,0.0
0x7a0e55372d2c9dde7f6da9c75fb6b650c98ec02e,1,0.0,0,0.0
0xfce296d0291c49ca8f36fc08540871feb9ef3d38,1,0.0,0,0.0
0x28eb326fa9c4f5757fe100eee4932ac80613226c,1,0.0,0,0.0
0x61e5050e7d7def6a87acd688fa6f27f56203cf95,1,0.0,0,0.0
0xac269e7da0eda02fa9c1989a612d34578aa45ac0,2,0.0,0,0.0
0x866ceaf7d7ccf2610759066eacfa5abfcdeeee87,1,0.0,0,0.0
0xb753ba251edd7e97207fdfec1a0a7cfd4a82be94,1,0.0,0,0.0
0xa7651c530f7d9a33616a217e64a1f88c0d231720,1,0.0,0,0.0
0xc0a5738e331bea02e009b0842d515ed3308cb5ed,27,0.0,27,0.0
0x2c2e404133d7cf69824637cef4a588165448eed5,1,0.0,0,0.0
0xcb565ee70934c5887f9459fb0dcec6add7f43cf2,1,0.0,0,0.0
0xd971d4e5f976ede7d0e5595383b442cb39caf031,2,0.0,0,0.0
0x4686cf2586ebea1da2a24545bd4d2b888056f24b,1,0.0,0,0.0
0x388c0f3061f2569411c4e98783ae550f217111b6,1,0.0,0,0.0
0xa153165bca80fc0d73b7c50f905e2666402a36a7,1,0.0,0,0.0
0x895f122f0fa84dd4851223d10a74c226b239045c,1,0.0,0,0.0
0xf30c1ba5e63f0e18257c5df299668c14455ddc2c,1,0.0,0,0.0
0xa90bae55bf170f2d7a2849eab4bcee4c7ce03896,2,0.0,0,0.0
0x62dc08ffb352acaaf748497d3315152bf01e957d,1,0.0,0,0.0
0x22b791ce041bd5564ed1e2b676cfd52d342c7070,4,0.0,2,0.0
0x359a76db7afdad46f0e2c6699ec768c1064c86ca,10,0.0,1,0.0
0xa4ad045d62a493f0ed883b413866448afb13087c,1,0.0,0,0.0
0x5a58866603120210501ef0a7a4088e7b259826af,1,0.0,0,0.0
0x98b23ab2754341e86df737cc87118a807430bfd9,1,0.0,0,0.0
0x1a97e7a0eba4d3b2a672a78d0655ca29e7ceb5ff,1,0.0,0,0.0
0xe28cb46133046823f3942c4513730ea53d85ba7a,1,0.0,0,0.0
0x5e85435455a9011f87c8b9a024dcbeb6fd40d12e,1,0.0,0,0.0
0x4c52061e894830538b22e7187e03522b4a8c8971,1,0.0,0,0.0
0xea173f401253436102da7a77548fc99322bd76b8,1,0.0,0,0.0
0xfb4317f8c44705f48392a5809ad24248b0b30296,1,0.0,0,0.0
0xb3eaa4ece1ed1808b719c6bd6cfdadca496d0c54,15,0.0,2,0.0
0x3e70290021c7a6ec53b22fb38475358fd9152100,1,0.0,0,0.0
0x583064dd95c49b0c9998767f0d7940eb7540d4c9,1,0.0,0,0.0
0x661e6111844f9e63c9c9f64ae285fbf771b753a7,1,0.0,0,0.0
0x6f18d902330447834bcf185e7c7c59975af99da1,1,0.0,0,0.0
0xa27306abc3c57f0fd1e553a6963ff83acb54324f,1,0.0,0,0.0
0x69a4bcb4030633e06875ff4a816d79a013fb0536,3,0.0,0,0.0
0x7f1c7059799066214e1ec67a26c89560bcae36b5,1,0.0,0,0.0
0xd78cb161707690dbf56f49b8126c238fc1fd8e10,1,0.0,0,0.0
0x2b0f0b59a2a15c39cbc3ba83994ec4dc9f5d81e4,3,0.0,0,0.0
0x18f576e2bed5cd3305c0afa020b9f0c9d8416694,4,0.0,1,0.0
0x40af4db8b013da2c9915ace9f408b564f584839d,53,0.0,0,0.0
0xab4db125e41bbe6175f1d516d922733263cbf2ec,54,0.0,1,0.0
0x7d73af92774a396976ce86192e7ea7e552c16e37,1,0.0,0,0.0
0xf54ad07b2cc4cd3c31017128d2b2b9c78e168f93,1,0.0,0,0.0
0x8e6b9882015b231ad33a2ad0e4085cd1801c0c3a,9,0.0,6,0.0
0x8f71a72fbc472f7a8bc6c2df43b94257f26f38c8,2,0.0,0,0.0
0xabc37a365ff264c6991a3aa5bc20d5b85090d584,1,0.0,0,0.0
0x48386238b84355ce3189ce33e4a473ce81dbbaaa,1,0.0,0,0.0
0x30880a01b62d07955028ace98bb8a0a27bb1bf39,1,0.0,0,0.0
0x97c80cd20799bfa5424aa5b3c8924290847bdb09,7,0.0,0,0.0
0xbe6776e0fb0bc5fe2e96b018bfa7df0e2c9295fd,1,0.0,0,0.0
0xace2ee8385436d2577196c30c25eca7cf11bb975,1,0.0,0,0.0
0xbd2e043e751a70a98b7399e91655948289e47424,2,0.0,0,0.0
0x6960fe428e3785b4f41e55a3a7fe184960a1361c,1,0.0,0,0.0
0x701385ba09325a83e78400e8959be992a38f07c4,1,0.0,0,0.0
0x723838d5afd9337a3e06ee02e7194a898a6eb4ee,1,0.0,0,0.0
0xdbcf333027e7f78cd5195a578c34ba409c9a0ce9,1,0.0,0,0.0
0x78769f2e303a8f045246014177cc6a6d1bc3148d,1,0.0,0,0.0
0xc62875fa93a50a438c846d63e521757c0252c99c,1,0.0,0,0.0
0x1364a9245963423e11f2699c81338d3e6eee93aa,2,0.0,0,0.0
0x7ecc026838c2cfa5ea11277bd875e92ea7347f35,1,0.0,0,0.0
0x973c05c84df31c158b867e32208cfff724bb265d,1,0.0,0,0.0
0x5096513549ce4a41b177b98dba9ffb45164b9efc,1,0.0,0,0.0
0x4887f364d290b92641dfd524c1981c9314e66979,2,0.0,0,0.0
0xc373956fefaff488103475f77a5190bfea9baf1d,1,0.0,0,0.0
0xfe79ef8d1717d42490c1d81770038dc36a3b6d4b,1,0.0,0,0.0
0x1a5c80b45b90bb0c85df3cf5f48a896624eab625,2,0.0,0,0.0
0xdd8294c45028a428b3de4de2719282bdbe219e61,1,0.0,0,0.0
0x33cecdc4b390fed171d581eba1bee54fa399b8e5,1,0.0,0,0.0
0x07b4ef04b62e69ae14a715cdcae692fa7033b9a5,2,0.0,0,0.0
0x500a4cccdd52087a0885ce67454c3e7f7f1ccbe9,1,0.0,0,0.0
0xbe81ef8fc88d9741bbc0271774d70302a452fb99,1,0.0,0,0.0
0xefd52a9e454feb9ad8edca588c7a9703d67cdff7,3,0.0,0,0.0
0x8f49c0f77ea0420f6001167ba0f64be27ebfb592,1,0.0,0,0.0
0xbca1ea9a3a1cb0a3815d14d664a2c3f56eb2ff4a,8,0.0,0,0.0
0xff025244b556f0cd4617fbfe67f7986d7292a3e4,1,0.0,0,0.0
0x192b2ad472d0dba9464dce7e479cead57175f466,1,0.0,0,0.0
0xcf2edb75e95c117844441e4db5f387052c0bc01f,3,0.0,0,0.0
0x31338618f1f0fc677eb3a33f6c5a3a4f0f5bc8a7,1,0.0,0,0.0
0x8a4570c1e97584cc10d3b60f6126631388d111c9,1,0.0,0,0.0
0xbdd62ac25b43c1140afbc13002f8d13a911b2900,1,0.0,0,0.0
0xbf00a2c247070bf853673c4e45419791d0cc9efe,1,0.0,0,0.0
0x6a0d74b3c0f775716dcbdb4a6c5e0a0459b88cf0,1,0.0,0,0.0
0x04c17bc9c98c9cdeddfee8204a0153fe65997db7,2,0.0,2,0.0
0xee5f1096950ee296df87fe83c6726521d8c8259f,8,0.0,1,0.0
0x5f1b1922a4c322144644a9732e89cd32cdce9073,6,0.0,0,0.0
0x0276489b34b1701ea4f3f61e2e8c273e5b533090,5,0.0,2,0.0
0xaac31a772f999fde1a8d5feaaca19a93bfa908fd,1,0.0,0,0.0
0x50df88f82dcc1d7693b5b7a65c9685538ab04c7f,1,0.0,0,0.0
0x0b3b16b13ff7c6dcf1f41700b972373c76b73fd2,9,0.0,1,0.0
0xcc07ad06718b28a3d4681ee14c2ceb23fc674588,1,0.0,0,0.0
0x91fd50216f8ab6ff5b335b5f1f4ce06aa8432a20,1,0.0,0,0.0
0x8fcddb96dfc7da764ac998cb68cf48ea511be4ce,1,0.0,0,0.0
0x206fd4a4ce3a3c2879ebb26eefe363c4bd09d357,1,0.0,0,0.0
0x206a51b936b230130a560216dca75f3ef2f22546,1,0.0,0,0.0
0x7603edf814dc2d20caad3c04aa5bb154b701aad8,2,0.0,0,0.0
0x52399a78b086193d23500da7408c4da2f76954b8,1,0.0,0,0.0
0x4575f2118dab096b434b0bb4d21c3fb47612c889,2,0.0,0,0.0
0x1701052595a995b6a1b2fdfb35ff9ed158759955,1,0.0,0,0.0
0x5fc6f9c06af73042df03466c0e255ad7376a79f4,26,0.0,0,0.0
0x50d3b1cfe561edc7877a2108538876461baceab1,8,0.0,0,0.0
0x91e20073ca747ba2cc1f1bba4dbc57f20deca541,2,0.0,0,0.0
0x1377aa1f2881035468cc65844539b989458a282c,1,0.0,0,0.0
0xe0352b5c2e2312cb108b8f4598dee3600702515f,1,0.0,0,0.0
0xdaf3a243e5109d67ad7749121751510a8b54094c,1,0.0,0,0.0
0x35d43060b519befee78744be67c781685c0575a7,1,0.0,0,0.0
0x6eba5fa5161f8ec7b373074f0f11914055481d14,1,0.0,0,0.0
0xf06edb570acee498872df617cab8314ce39d90e6,1,0.0,0,0.0
0xd8781ca9163e9f132a4d8392332e64115688013a,1,0.0,0,0.0
0x36a2f3a4f5833ca6e2f41da34979849d03d6e09b,1,0.0,0,0.0
0xe67e053295834b64e72d9640432071b58a2cec3c,3,0.0,0,0.0
0x6d4fc71819b1e418a02c3b3dd345a57d6eaef719,2,0.0,0,0.0
0x1f9adc8ed4009535c5db79e32844d4c94cfd81c6,1,0.0,0,0.0
0x7364da1ee254445f219fc9424d6fbd243dbfd2cc,1,0.0,0,0.0
0x00ad3d4cc099be937879451698c673cbd5c3cefc,1,0.0,0,0.0
0xa0d9abec0d317abb75f1d6519d3040e2a68f10bf,1,0.0,0,0.0
0x58a27bae0c5ee28c50e99ede4728238579338ab6,1,0.0,0,0.0
0x102dec0d98e9f176d194f41539b416118fcfd4ad,3,0.0,0,0.0
0xa5cf9914322583a27c21d9e7b4f1ed1e2e3ad4ae,1,0.0,0,0.0
0xe8d9e594332b36d32609d0deee70a0ba9e0ceab3,2,0.0,0,0.0
0xdc97d09a5fc43cb18987ea9d09cc3bd49e23950b,2,0.0,0,0.0
0xc7592cb72a8b10a2736062611c050cbfa6487ab8,1,0.0,0,0.0
0xc9a9a7bae42e4ee17fd916f3dde58bc197f8a587,2,0.0,0,0.0
0xd8dff7a38771cc134be7caa8bb90ec9b15831c4e,1,0.0,0,0.0
0xd003302888454fe22d53fdf6dd9fd770bacdd4b0,1,0.0,0,0.0
0xcdb20abc41204838d02fdb988e0907baad7fabfc,1,0.0,0,0.0
0xc045bf221d4b3628dfdb802825fc01a1b3e7f670,1,0.0,0,0.0
0x705562434ea1288bdba5dc6a995dd07b3723dba6,3,0.0,0,0.0
0xbf9e1e6ac65ef32befae060db0e38608ba2bd99a,1,0.0,0,0.0
0x86b1fc73244a6df1a3cf0accdd1bde525932d630,2,0.0,0,0.0
0xd170cdcb5d6d8fbf9e29e4743196c226eea48239,2,0.0,0,0.0
0xcc6c96a9e76fce3520dee9d63c72ca34a97584ef,14,0.0,0,0.0
0xb4897d49c5859b9bb5e3d6c4372bdd83d55c8d6c,396,0.0,55,0.0
0x652d7276857631bed9930a6f88791580518eb480,1,0.0,0,0.0
0x8b9de9f8ac145af0a007d9d3c47817c6885d88c5,1,0.0,0,0.0
0x2492ba406c07aa5aff29ff907f6063dc09b3a7dd,1,0.0,0,0.0
0xe3f31a5c5864bda831eaecda06d64a1794fee766,1,0.0,0,0.0
0x8da7e958b30e1f1c32734c621d6e3aaa3a98f9e6,1,0.0,0,0.0
0xf9641e168bdef80951c294c69259ee00b84bd4bd,12,0.0,0,0.0
0x0fca69173e39316d52cce65ba08be40f7c0b75ce,1,0.0,0,0.0
0x5026d6e4e70b780843472bd7c397a43883ae9ed1,8,0.0,0,0.0
0xb008b30a21b2f1445c9e9d6b2f631e9313f5ff34,1,0.0,0,0.0
0x30349188e2d8ce15a38cb480428171ceddf8d04e,1,0.0,0,0.0
0x2a2e8b6c4f04fe1d40b5b82d6d4ed74a884689de,2,0.0,0,0.0
0x6c68f5d7f36a1cb8854e487ab51ecdfecee24d5d,1,0.0,0,0.0
0x4ca50b79f41a02e521db798fbc9a9c17a07db279,2,0.0,0,0.0
0xaf9727db19690208db9df2c9ebfd0ef891cd30c1,1,0.0,0,0.0
0xfcba85877f8c8deddbb225935af7eea50d84da90,1,0.0,0,0.0
0xcdcd6ed411d6091e798b9ad8eddda41305e22785,1,0.0,0,0.0
0xc3bf005eda7bcf56a138cc555ff77efa4c3a20eb,1,0.0,0,0.0
0xf4c612b2baacd64447cfd2426b12876e4f4bbdac,1,0.0,0,0.0
0x73fb1d96a144efdb278e123a17c79d63cd67d11f,1119,0.0,133,0.0
0x544d3004eb88ba3e6288eecc97d0ec26f0d46fea,1,0.0,0,0.0
0x4427e4a55f9ff6dd9c0b18d32f37bbb3d31266fe,2,0.0,0,0.0
0x65f6d5a6ea85e04a927c0e94bf1bf79c8117e3ec,1,0.0,0,0.0
0x333780ba436a280d2f1b2276824bf9ab6fad09fc,1,0.0,0,0.0
0xfba7c3da263e094edbff08117676c5886ea9e683,1,0.0,0,0.0
0x3e5781df71c7c9fc991a718dab247d7386362496,1,0.0,0,0.0
0x3209aaf08c5d9007b21f61d6433290e9b7618dd8,1,0.0,0,0.0
0x2cd8f7bcc7ea6bdb3b308ba661e445e7990cf114,1,0.0,0,0.0
0x391891af67e29d97e61e30c3036a0874f5da411e,3,0.0,0,0.0
0x78e211903df17b414bd03b65d6431708b05c68ef,1,0.0,0,0.0
0x3a8f6623bdee8df992601ef8cee1d9e24da8958c,1,0.0,0,0.0
0xda27b4284b3e57c3e653a9780875f7d1a7b7f6fe,2,0.0,0,0.0
0xfc11799d442c194a28f484d4ca2a1854c02892cb,12,0.0,0,0.0
0x0219957fafc72f937c6366855d0b7562cf5131bf,204,0.0,29,0.0
0xf7f9912512a5447295c872f35e157f4dd3f60af7,1,0.0,0,0.0
0x3fea9525aa5aa14e06ca4b46a571e9f98b7bb132,20,0.0,0,0.0
0xbb6c8c037b9cc3bf1a4c4188d92e5d86bfce76a8,1,0.0,0,0.0
0x5639a48e0892a0636f80a93434b64834cb00a6be,8,0.0,0,0.0
0x673cb54eba72848e45ac97400c7a03da28d340c5,1,0.0,0,0.0
0x72d09eabd6f3ef2e918ef24831083c5e6c4642ef,1,0.0,0,0.0
0x1566d0bb7cfba60723e456bd3707026d86ee75af,2,0.0,0,0.0
0xd349c1917ce21fa087caceae73991a790d311e00,1,0.0,0,0.0
0x56acea1fea1ea75ba20dacfe8b915288b5b81810,1,0.0,0,0.0
0xf025075c464c9808af35345f2f467f796bcc22c3,2,0.0,0,0.0
0x2013268bfcd3edddb21da001eaefa31e5e5bb881,1,0.0,0,0.0
0x853c69418605529a68907aaf7789270e3cf69d97,1,0.0,0,0.0
0xd451c1164bf814e188d032d52f63441f2e70e9cf,1,0.0,0,0.0
0x85b4b4dd6603a0f7bd86cfe05971bb0e0b156e26,1,0.0,0,0.0
0xc0ecaff2fd004928e78b0637ad37326bac3350a0,2,0.0,0,0.0
0xad48243631cedd571ded666bbd2eaaf4f51e149c,1,0.0,0,0.0
0x9f7b54d3a53c970a94aeab5281faff36b9ae4250,1,0.0,0,0.0
0xce9c47f47735676bc873ac85fa62155a2d6c1ff6,1,0.0,0,0.0
0x4cb75146e98562c9d79b31649c6c739e4dcb7cd5,1,0.0,0,0.0
0x9d221582d9e4716f7a5102bacbb4dafc17e876df,4,0.0,1,0.0
0x63128aa363b36d268f1f00c34bff4d52b557253d,2,0.0,1,0.0
0x7b20dd26046336329673634647b4a07efaddb837,1,0.0,0,0.0
0xd9e55c09ce9534f10b366ea6dc8b2979386d8d20,1,0.0,0,0.0
0x76eb8514154eb80d771038e30ff060ecebb26d2f,1,0.0,0,0.0
0x726048eaeedd21322b9ccb5cb39cb181f1d53609,1,0.0,0,0.0
0xa5fbacf8c7127793e31338b996e770973d988025,6,0.0,0,0.0
0xfe0c760cbcb9da239b9ba805f0aeaed3be84f65a,329,0.0,1,0.0
0x2bcce259cea9ffe4153eda976a4423b68acbce90,1,0.0,1,0.0
0x8e84bc6a8ee9436bbfa21706ad2cefcefd9f04b1,1,0.0,0,0.0
0x79a8b6ad05be434f8aa04ae2c5a2834d7b5049d8,11,0.0,0,0.0
0xec84271fed60528bffae78f38a27af77d48b4454,81,0.0,9,0.0
0xb4169c7da696c88e3ec2aed88bcdc7898db9c1ed,1,0.0,0,0.0
0x48dacbb0578a2ba3f201501eb246e8a18e3b976e,1,0.0,0,0.0
0xf9d435fb777b8ea4ef135d6fd9e0be2d610fccdf,1,0.0,0,0.0
0xe2d97e91b830688c3e0e08d39bd3c0c070f8a1cd,1,0.0,0,0.0
0xfa83c9d97e172fca1b93332ae05b0e66a13728e0,1,0.0,0,0.0
0x7b206a54fb89164b6124b3ed7982d07e7ac87df3,14,0.0,0,0.0
0x63135e0b7d53a5e6b014563cd04f2e8065e28947,1,0.0,0,0.0
0xb26eda08960bc3bde21e1040c9dc6829936108ab,1,0.0,0,0.0
0x32e643d4a144b3311b49a1b31ad5505fecc95089,1,0.0,0,0.0
0x6bc6e31919b2b84c5ddec0c694e351062ad55e55,1,0.0,0,0.0
0x827fc6a969b28b4573517c33a5704911272707bc,1,0.0,0,0.0
0xc50de8160bc805394d37cb3738c188176ee0bb44,1,0.0,0,0.0
0x8f2132fbde6c1f3dcb6867d6a106d3a0064b99d0,1,0.0,0,0.0
0x7686a060b3594419cb0a8f75c0e3179a265716f0,1,0.0,0,0.0
0xda068933de1aaad34337ce5f71b001f9dd294548,2,0.0,0,0.0
0x3877279860320a0c6ec6c458c9d63c67c97b489b,4,0.0,0,0.0
0x7abf18b4f3f1501f3f012540cc1c252eeb898683,4,0.0,4,0.0
0x8a376e37563049b8abef4fbd8dcca52f5e078320,1,0.0,0,0.0
0x81a6bb84d41dbebc6b90a5228301695249a04853,2,0.0,1,0.0
0x592e58325a4ae6bc0888c33aa3eed6b65d994aed,1,0.0,0,0.0
0xed49bc14636a3e05d1ce218b174b29f4948c5adb,1,0.0,0,0.0
0x728331800598db7761d16423733b6c9906dcac25,1,0.0,0,0.0
0xb6643b2508f196b2fc97c826ad432575634facb4,3,0.0,0,0.0
0x6c8dd2511b1fead1b00e72c5f3f0e75482ff7777,3,0.0,0,0.0
0x55916dc76fe0bfef2ace51f74a2e1c6b3148eb4b,1,0.0,0,0.0
0xc3dc65bd20124cd2f3a6ab82aaa123fffbda7f56,1,0.0,0,0.0
0xe3e8fc1fb7e1ffe4b45d637601fa862c909e8d9b,2,0.0,0,0.0
0x56dac66db126d5ad9aba4422717d68ac5774f1b8,1,0.0,0,0.0
0x6658a2bf199351513f3e6c5694719a07a83848b3,1,0.0,0,0.0
0x56e4bca78afe66a12567361a773cfa28b3fc93a3,1,0.0,0,0.0
0xe48608c7da53a6481a46bb247759b6d3b0edc6af,1,0.0,0,0.0
0x295b4ed261943b1b0b7f3a88e9c4975f6b489f70,1,0.0,0,0.0
0xa8c772b629485ea8ff2b042678d24b32498d111e,3,0.0,0,0.0
0xb7e2f99f0bf2124b31f5d6c86968c4f9199ffc08,3,0.0,0,0.0
0x2e2dc5c4343b6814670034da4e1399f1f7fc7826,7,0.0,0,0.0
0x6ba10a8793c442ef7ecddcaba84291c206447428,1,0.0,0,0.0
0x902651b5f65f1017ba167b4883904107be076162,1,0.0,0,0.0
0x056822f54f6c0e11be42b44527b5e461491a0d1b,1,0.0,0,0.0
0x8abf30ded35042c4d84be8862a46190d6d37bbd4,1,0.0,0,0.0
0x1c395e6c92c5de6cf5147881d880913ebb255f5f,20,0.0,0,0.0
0x9c7e7847feb8b2d411cf610f9cb775196c6efa20,1,0.0,0,0.0
0x92a4e0c461378c626b6aa1b31cb1322ad2b503a2,1,0.0,1,0.0
0x34043dc5cb3c9aafe92be661f65777b63d70aa78,1,0.0,0,0.0
0x9a6dcf5e566fa65c67a5f82aa98d03207e065726,2,0.0,0,0.0
0x55aeb56136091e9dce99c91f4e2592fdb7c07ef2,237,0.0,0,0.0
0xfbc2a9449dcc20729958833112af0fa3f1699867,1,0.0,0,0.0
0xe5c1749121325397c2fae3cee4f65900e3405809,1,0.0,0,0.0
0x6b7895c1b22824116dd1bd380d198530bffc4033,1,0.0,0,0.0
0x6da2e2a872bbbb21ab6e401eeee91e233b2d7874,1,0.0,0,0.0
0xb9a2e3b179cea997716c7cd059be4857f1fdf03e,1,0.0,0,0.0
0xa18d91b90cb3d741622514333ac88caed0d833ba,3,0.0,0,0.0
0x2a7868ebc5384e5ede6dce00d2d6d201e0db32f9,1,0.0,0,0.0
0x97ab0c5df52320822d644c174b0d2da9beef536d,1,0.0,0,0.0
0x03a3720334a18fec14d8f135041fe790c036f4c6,1,0.0,0,0.0
0xfda7204c93145c5848c91c8f6817f1b920dd74e1,16,0.0,0,0.0
0xea7365565fb953f3cb6714b4a7cca418010650f8,1,0.0,0,0.0
0xc627d33f1aba250852dae8ae31944f3c8907e84f,1,0.0,0,0.0
0x60d29680c0b15268694d50544ba0d3268527c56d,3,0.0,0,0.0
0x6ae03180afab253c939397fd6d9d3975cb372707,2,0.0,0,0.0
0x08d69caed51548d89b047deffabf664c481d3a8f,1,0.0,0,0.0
0x2381723118870257c5ea6183281724930247afea,71,0.0,32,0.0
0x11a24fefb2ef0a576f39d238bc3c1149465d9828,2,0.0,0,0.0
0x5eeb604e66c8afebce169152326276d345bc320e,1,0.0,0,0.0
0x26103ac998bc1e82a8e1245e3128722a6fc71c8a,1,0.0,0,0.0
0xe432206e843e92ed43d93d56b38ab053c56bb60b,1,0.0,0,0.0
0x4b70fafeb9aa676028e1bfe0f20b81bf7f3c58e8,1,0.0,0,0.0
0x68d640c5b27f4706075936839a34b58b695c7584,4,0.0,1,0.0
0x94d86541fa0f2814b48306e402477a3188d6c1b8,2,0.0,0,0.0
0x1372755ec8c74692bf53d8c435325ec2681de00b,1,0.0,0,0.0
0x90e996cb34b3f2e899a1917a19cb4bb5d78e22a8,1,0.0,0,0.0
0x1899dee7f6ddfb5c4034b40f23b632d2ee543454,1,0.0,0,0.0
0x2c70bf1e2e2dc437f840dbba0782dfeb5d806e44,1,0.0,0,0.0
0xfe3596fcc58ca442e9ebce6c40bc7c2307b404e8,1,0.0,1,0.0
0xe4e236194b81a838b2133171b20e3ffc7c226065,1,0.0,0,0.0
0xfbcbed8b89efb75a86638b1ff9935fef55813679,1,0.0,0,0.0
0x5834fd2ee9a606c5ec4b14ccc5f202b4dba3c51e,1,0.0,0,0.0
0x608e393c4fec20986c133bcc633015f5ed1fcd16,1,0.0,0,0.0
0x2aa47451f55d437c206f071454746c9bc1b81ec7,1,0.0,0,0.0
0x9e35d7164d4556cabdd1c019fc4a11eb43663ce1,1,0.0,0,0.0
0x5813e81127122882952edc3c2b5d406241d9cabc,8,0.0,0,0.0
0xae33f8151426969eb602896c163d9d138804a033,1,0.0,0,0.0
0xf57167cf5ebde6d9dc16405373ea83891ff0aa5f,1,0.0,0,0.0
0x76ca8b876a09a232dc83f83a83ee7930eb9d59f8,5,0.0,0,0.0
0x409f3d0a6f3ee1049e8f66f3939342e4ed43e979,1,0.0,0,0.0
0xce1e21f507475f64785e72403a269c948a14b1c7,1,0.0,0,0.0
0xb69549aec4cd4628c3fb67b74e82db4be985a455,1,0.0,0,0.0
0x63ef21feacb68ce3a0263d797b09d67980b6c8ed,2,0.0,0,0.0
0x355454ce977105cfe98b7353bf028af7c0804c54,1,0.0,0,0.0
0xb98c6340a49cc87256435d7fbd795d95c8f25d11,556,0.0,0,0.0
0xb854164ab75336abb599995adc3bbe7394ff4994,1,0.0,0,0.0
0xb0ba33566bd35bcb80738810b2868dc1ddd1f0e9,2104,0.0,2,0.0
0x3c9dfd3e29bacc613beb44c596f2e42c00a227cc,1,0.0,0,0.0
0x4aecff9158e7a054cc1f5d5ae3a9c5edc0154e62,1,0.0,0,0.0
0x0455d2ce913bc45ced00730e4f559a7ab0ee6aa5,1,0.0,0,0.0
0xb9cfe1b3f36e0edfe49ec9a924371bd1f6013fdf,1,0.0,0,0.0
0xa2d35e418814a8b6367c66a5ac2fec8ea16332b2,1,0.0,0,0.0
0xf9b306b5ef6be6c7e93d7daffa4a806e3015c58a,52,0.0,0,0.0
0x6ae04e76bac1a3df0156951c693166a5319c2d88,5,0.0,0,0.0
0x98b5a355284b42903a7a6d31fc130e5f2e7d7301,2,0.0,0,0.0
0x73422c6e55475080cd0e537317940ff29ce10a1e,1,0.0,0,0.0
0x49908e05de9e1d559499b08042d1123a1daae6b4,1,0.0,0,0.0
0x889df2583ef6651b97065ad6027813a3c1cab808,8,0.0,0,0.0
0x4fbfa297b1640202051ecb032baea19aa5e7960b,1,0.0,0,0.0
0xd73e837a2576b8ae977fa36be91464e1526536b3,1,0.0,0,0.0
0xe07203d428eaa9d23c4ea321ebb0d43b047d012a,1,0.0,0,0.0
0x78b74016f06eea3d9b5498aa30f6981f2a01cc84,2,0.0,0,0.0
0xeb80077d98a5f4407afe29cda0293d3f8a55805c,2,0.0,0,0.0
0xfed70da796916f989bcbc5f217e4d4ca405190d4,1,0.0,0,0.0
0x23c7573e31be58be708b17f0b31b0c554b7b97e5,1,0.0,0,0.0
0x278f498e5d95bcefcb3f99679d0e58e08622dde4,23,0.0,5,0.0
0x8179c42ddb788e51128f2f6672b5466458291e05,1,0.0,0,0.0
0x5782a5d030893a84a8b11b8e4390e05ffe052294,1,0.0,0,0.0
0x4f8abf6cec8df618feef8bf4b1fc4d064c1a9762,47,0.0,7,0.0
0xa30b1329f00caa018a3d9a207a5d1f5e1c543d16,1,0.0,0,0.0
0x1830943428b2adb1a91aed452d8f302e1f45a5bb,3,0.0,0,0.0
0xe5739d32f8bc1536fc18c477354f4e2cfde21154,1,0.0,0,0.0
0xade4e05c28751c22cc9a229b5a1d26e975f5619d,95,0.0,2,0.0
0xcc7842f66fa9a8ab6920854ec3db9517aad9bbce,1,0.0,0,0.0
0x972d4d8b4d2fbd7068c0b79a5e4746abc4e83247,1,0.0,0,0.0
0xa9d479074064e5f94872ef5de4f48e97483b65a2,1,0.0,0,0.0
0xf35505a0979438933a0a6f8b04c625ab43a2d22b,1,0.0,0,0.0
0xb5c6c473aa2cdc3a3df3d418b33462b0b7a0d793,1,0.0,0,0.0
0xd8956e90a2a4e16c02218412997f66e961c00801,1,0.0,0,0.0
0xa82c2391932392a774300e592c3387265f344092,1,0.0,0,0.0
0x6d10029f367b441028366e226216768ca2ac2be1,1,0.0,0,0.0
0x5b397a1c054e4401bafc0a4f19432d20c42863de,1,0.0,0,0.0
0xf5213a6a2f0890321712520b8048d9886c1a9900,2200,0.0,2,0.0
0x5f40c69e92c247c85428d846680c78f9139edca3,1,0.0,0,0.0
0x943315e0c79ff3581809b2a7858ed26894f98496,1,0.0,0,0.0
0x15504c5e401d978af37b0fae191b605f34890a5f,6,0.0,0,0.0
0x582d88d3870d61aa2be2abf567d45ba5f7047397,1,0.0,1,0.0
0x76be24a687209336fb71d8e4fc82183cf65f96bd,1,0.0,0,0.0
0x85ab750e5736ac1f85b2167a3b4f2368d7114987,1,0.0,0,0.0
0xfef535d5f14238c8492138db943322091798e225,1,0.0,0,0.0
0x44bfc5d476e90e17833fa0e7fa4e949d3b3da741,3,0.0,0,0.0
0x307fec37a9ecab7992c7bca5e4fcf60cbd5c6700,1,0.0,0,0.0
0x76a3fd580a731b1b9ab9d1fe3cf794ba3cc4f1a3,1,0.0,0,0.0
0xb10b75af9f798a62eecaa0746b6739a743c1f1e8,1,0.0,0,0.0
0x3e91f597f3da2720c342a974cd30773994c63727,1,0.0,0,0.0
0x9cbf72c6c3c360685d0bde8ddac4f26ca8c749e2,2,0.0,0,0.0
0x41e2f04ced6eeb35641ade1a9eab5b567996c200,1,0.0,0,0.0
0x117a23bdbdb69726f5e547ed2afc464a6a6177e8,1,0.0,0,0.0
0x9e94dbee9b60e65310aa00847b4f0d44503e3e9e,2,0.0,0,0.0
0x3a7681dfc52ac134da7152fe33766e481747096b,8,0.0,0,0.0
0x1b10bd073ccaa7e88b4805e1484734fb1166c528,1,0.0,0,0.0
0x74aadae2c7aa9321314a0a6f53a70eda5ebe103a,1,0.0,0,0.0
0xc8d46eb7881975f9ae15216feeba2ff58e55803c,1,0.0,0,0.0
0x4805a876a259faf3954b860349a7cc040a806e53,1,0.0,0,0.0
0x1b305d57ab5522d40a2ee6e96aad84dbf87cfac7,1,0.0,0,0.0
0xa2ddd2586ce97f9b2eed3fab1e6d211b6c6c4edd,1,0.0,0,0.0
0xdc18dbdd2bb4989df627d48d4d33ecf3fb86546c,1,0.0,0,0.0
0x4faa0a6fac8f0f93232250d1f2db68cb63ae2087,3,0.0,0,0.0
0x33c6b73432b3aea0c1725e415cc40d04908b85fd,332,0.0,16,0.0
0xbdec00096eb5f06ef841dcc615537984cc992d80,2,0.0,0,0.0
0xaa9a891f07352f3ceb4106b906752f3bde068051,1,0.0,0,0.0
0xc3a1d6997d9f27301c3663b816e6a879f9cd2f84,1,0.0,0,0.0
0x2934198d37625f8264afb82bfe70e6b48e3ea087,12,0.0,0,0.0
0x4efb1679781a8af055cb7fee4f98100d8a85f679,3,0.0,0,0.0
0xfce545bd8fc460ced54f6ea886fd65ed7f1587ee,1,0.0,0,0.0
0xe12678d793a03293131f6dd9875540dd0eef88b8,1,0.0,0,0.0
0x7af1fc3cc56202dab0f2a1e92634defabaf22ed7,1,0.0,0,0.0
0xb51949e513870e8f80309179ff969c62508f656c,691,0.0,3,0.0
0x826759143058da3a3b0aaf264474f0dedaeb4390,1,0.0,0,0.0
0xf45f7d6cc1d79dd677c3e976711cf29fc306f929,1,0.0,0,0.0
0xf686495b0e15f5c869db08ff88286fba5f5d1324,1,0.0,0,0.0
0x06de707548e796a4200ebbee7469db858d75df1f,1,0.0,0,0.0
0xe0e5bfcefd8a14311479402269477587fefa8597,1,0.0,0,0.0
0x2058c9f0ce4179aba9528035b5c675b52e8ef60a,3,0.0,0,0.0
0x9c10fa31a4e42fdf7ee00fbbc04ec916856b2e7e,5,0.0,2,0.0
0x9608cc59b1f61bcf3307b5dee044e013dc4529eb,2,0.0,0,0.0
0x3b28263a4418b3da292884ac623b13f12e28459d,1,0.0,0,0.0
0xcdb5cc3af45e527f892fbff5b4a87b0953854e89,1,0.0,0,0.0
0xd68e904d9969346b3f94deed201a3b8710e81371,13,0.0,0,0.0
0x1675caca8312b220873aaf3fe987a85b4483daf7,2,0.0,0,0.0
0xef59481ad034537e661a0555ebee151d9b7496f7,1,0.0,0,0.0
0xa2f30711143c45482c9ff35c6f1401f90924188a,14,0.0,6,0.0
0x309e8d2f7502e8092a0eb3a328d68200378d19c2,1,0.0,0,0.0
0x429b1aca55a7a27d7d73e311a16839c135969fda,1,0.0,0,0.0
0xea61317dbfd45c9e991322e474813aeea8dc9716,2,0.0,0,0.0
0x40aab92ac77d497e23bb6a7d4f4215038fc64378,9,0.0,0,0.0
0x563154facdd72b7fce99610c9590dfee695a0e9e,9,0.0,4,0.0
0x045865f290dc6bb99a0bdc0b4a8a58182e405a04,2,0.0,0,0.0
0xaf1ca1107a0abb87b18a336559bff6bf3de6cc68,2,0.0,0,0.0
0x62b44c36c5f2b91929a355f1aaabd6edd20fa99f,1,0.0,0,0.0
0x514f0023034f1757e89a8460ad739ecc16ad4ea3,1,0.0,0,0.0
0xac0907d6f47ad4bfec59f8e8b7afc7e107aaf717,3,0.0,0,0.0
0x0e9eb6ced01edb4db7e90e6d50ef236bf61ba3d5,1,0.0,0,0.0
0x5c63b59aed70dc6ff0d01dcf7a1df7feb151f225,1,0.0,0,0.0
0x3e265c94311732c40a3865b35e432df5f19f81e8,2,0.0,0,0.0
0x6aa2ce1092bd9b0a0560a20399a16c49dc2fe014,1,0.0,0,0.0
0x2d06abb3cf3221cd615ceecf363579ef213156a1,3,0.0,0,0.0
0x3aa3fd1b762cac519d405297ce630bed30430b00,19,0.0,0,0.0
0xa1f667afc5a6f37674cb12ce4b4a1ab0a9df8a51,1,0.0,0,0.0
0x3979e46422fd11308d282942a065405db6440e1d,14,0.0,0,0.0
0x6a36492fd141fe6d631b7f1d9d37943583d752eb,3,0.0,1,0.0
0xd45b0a08225d1ad09771c5ae9a1be43c5e49c4bb,2,0.0,0,0.0
0xe58f928cd9fcf08631304ae5a17757b6b1a309ef,1,0.0,0,0.0
0x264862b83bc02955cd533a53ea9dbe6b00443c0e,10,0.0,3,0.0
0xec67e10a5991ab7ae9ea3d47a1f3725009abb92c,126,0.0,47,0.0
0x6d08ce74e27c6192b4059728b2bd4dd1ad11e2ce,1,0.0,0,0.0
0xaa65dd8a436bea7c8ada7ec443878f57a2152cae,1,0.0,0,0.0
0xf5aa863c98b47b0dc7e45df63cafc70b030df2e1,1,0.0,0,0.0
0x907c85cf218691bb07d2ab655e0c1438505cf91d,2,0.0,0,0.0
0x223cadc1932ea9770fb93a041b7d8afdda670e8f,1,0.0,0,0.0
0x666de0f50442adfe01dfdcdd215d3cd8ed4f55a3,2,0.0,0,0.0
0xadd472e9893b1fa871a3b90d0538c7335fb9cbd7,1,0.0,0,0.0
0xd7452ce7652f353c150ddd2427b6680052467d3d,62,0.0,0,0.0
0x5a28b03c7fc7d1b51e72b1f9df28a539173caf79,1,0.0,0,0.0
0x792a3d4a9182f65080b7c32720efad458da69a73,1,0.0,0,0.0
0x975a03ffccbdb080655952eae6b608931a84a7cb,1,0.0,0,0.0
0xbd154a5a4d5ac4c2c2466f9836104280ec136c22,1,0.0,0,0.0
0x10469e41b9a6292129e6266f301e8f4f7377fd99,1,0.0,0,0.0
0x98f22ea233eb3656b7fc7b5be08c7816be4307f6,1,0.0,0,0.0
0x10a3399f5431bb8746814e9c6b72c75373c5e64f,1,0.0,0,0.0
0xfc0e46fc2b44ec79360516b6cfbea0fd245a64a7,1,0.0,0,0.0
0xe1e4f67e8352f05844813cca454f73c479ab3a62,1,0.0,0,0.0
0x0da7be416187b8f9f3b4358088cb8bbbd5f96395,1,0.0,0,0.0
0x86a79be5cb85cc5de48bb953cf0b1a01a40d8732,56,0.0,10,0.0
0xa6a688f107851131f0e1dce493ebbebfaf99203e,2,0.0,0,0.0
0xb732f1d01f48e67b4364f4c9d89678cf7ceb6b0a,2,0.0,0,0.0
0x73daf82102ed61b0ad0004de80d49457c2ce8f6c,2,0.0,0,0.0
0x78c491bab89d21b28e520e0c325c0db549c6c8dd,1,0.0,0,0.0
0x23effad871cc3aa586e947e5375a8efee9ca98e0,2,0.0,0,0.0
0xdd89774d2c286ce308662159b403735536823045,1,0.0,0,0.0
0xd40485b84b90059997cfc5f896677462464e6841,1,0.0,0,0.0
0x046d4752b62875d677505313df99c7ffceb06aa6,1,0.0,0,0.0
0xe7fb0c4cd91fbe5fb962b54de63e360095032a9c,1,0.0,0,0.0
0x25b81f919184ef6df7bf9da6f5d3d621ce9bf9a8,18,0.0,0,0.0
0x33fb85dfa5a84b7bcde14a13d93f27789e6afa59,1,0.0,0,0.0
0xef8f91b38d465b20068bbe1f751c3869332e9cc1,1,0.0,0,0.0
0x5582e4bc6b989b961a443d1599ea45f748a09527,1,0.0,0,0.0
0x53d8b1b02d0f3116c71f01f8dffc04d0395817b6,3,0.0,0,0.0
0xb03c2d908d724fcd20823008996274bfd9eec012,1,0.0,0,0.0
0x7af4faf644d687fa02fcc6d5b2b559ba44cd32f6,1,0.0,0,0.0
0x377efb92e4d0418585ed9a6d81c90cd987581625,1,0.0,0,0.0
0x4423ac71f53ca92e2f2be5917a9c2468e7412f4a,59,0.0,3,0.0
0xbb11305ea413f332fb322d240ddbd54356cf94a1,1,0.0,0,0.0
0x50c239e97b299feff6c7c9cad8c88d85b9185dfd,1,0.0,0,0.0
0xcd285a840a0890b06aa4c61b2db415f5b2f6a417,1,0.0,0,0.0
0xb31532c088719111453bb6e6d0a7bd40c7a2b8ac,1,0.0,0,0.0
0xd008153d64968c3733aaabf9deb60109a0baed76,1,0.0,0,0.0
0x1d3b08aa342ccb9462e7527262d0ca701d5d8618,2,0.0,0,0.0
0x108f0e9536ce60dea25bf48301670fcfa56d2564,13,0.0,0,0.0
0x0654e4485d7d38a60bc2ed655e10cb7f9f8ff808,1,0.0,0,0.0
0x311c7c54af3614666240bf2cd6039bae304b3af3,1,0.0,0,0.0
0x86e3372a5fac4cf512e5ffac26fc80ef31a02eb7,1,0.0,0,0.0
0x9fd675d7c0e9fc9512a77f82d828745cef1d1139,1,0.0,0,0.0
0x4732ef96f60f38653d4754a44cd9cca365fac8e8,1,0.0,0,0.0
0x746fa3acc3c50ce6a209d1d3b9a66e69a2d00344,3,0.0,0,0.0
0x15fee0462bf54e58e01e783414b60483506a374d,1,0.0,0,0.0
0x91ea2dff37136fde4370062997379299a7181b75,1,0.0,0,0.0
0x58c7c6745fb0a657bc0a59889fe454bffafbb7cf,50,0.0,23,0.0
0x534839ee4de070eb808600afd849a7b7d6229afd,1,0.0,0,0.0
0xa0f75491720835b36edc92d06ddc468d201e9b73,2,0.0,0,0.0
0x7822db5b43853411be3046ace3d76702d5f0a33d,1,0.0,0,0.0
0x170b6498a7d76a22ad5b0427984d6fff372e4107,1,0.0,0,0.0
0x4c13e18411584fc3b8f0c4a510738be7fd6705a6,1,0.0,0,0.0
0x94012bed17f1f58f3b07cef248de785de377f2c7,1,0.0,0,0.0
0x7bece831cfba324dba85d616ef59a69e07db97c7,1,0.0,0,0.0
0x60618d7f1966310d90177640880edaed41e15f2d,1,0.0,0,0.0
0xa9cdf65d47bc7c71e7faac4cf000cb1f281e4b83,1,0.0,0,0.0
0xbd47ac2ad8f0ba98d653d4449234a0d76b6f778f,1,0.0,0,0.0
0x11a1f4188f8063727509a1ab8790c4aa0561a85d,22,0.0,3,0.0
0xea98fa640be043427e0e048e95fef5b16564459e,3,0.0,0,0.0
0xc60861680f748fb8164e392dff70ece0577b4389,5,0.0,1,0.0
0x2344b6d7f75df5e25f2c6b33e1f65849f15a4c71,2,0.0,2,0.0
0xdbb5688102199da56e93564aebbeaccb3f70c9e3,1,0.0,0,0.0
0xec492521bf10c1e6e93053a284c74c7452039cf6,2,0.0,0,0.0
0x0acc6b9b6888702c90cd5f0d1d858f002b52a36c,1,0.0,0,0.0
0xcceb10f787e4198d32b9f46eb7ca78130c49044f,1,0.0,0,0.0
0x6786939a63acf04b5ea7ab42178a30e1453f7453,1,0.0,0,0.0
0x132adc27f6ccc4194388c6069cbd31c0cc97421b,1,0.0,0,0.0
0xc1b1d39f176a8099d2668e4c66f88067e8c017b7,1,0.0,0,0.0
0xcfd7b6e00575940e65ee99ebba1d0276dfde50c3,1,0.0,0,0.0
0x5c49c38ac4d025b90219f1a029f5e53eddf5c0d4,1,0.0,0,0.0
0x40abd4c6d07de983d18b8e389fa259ec56e8b1ad,3,0.0,0,0.0
0x3ad6b17f1163e8d9d6c8423f9040dd11db05c926,1,0.0,0,0.0
0x61143cb473fd4aa8680cfbd65e58594cf7ca405c,3,0.0,1,0.0
0xb3c7867edabac21afefa85aa30931d30a76f58c5,1,0.0,0,0.0
0x8ade5ebfbb4a6dea3a495444c26b42e26e8de6db,1,0.0,0,0.0
0xf56da1ea1b1ce23d7a7cd48dba30d33509f81b49,1,0.0,0,0.0
0xf0895c8d7abd961ac106ddeb56dbf38722753bea,1,0.0,0,0.0
0xa469823478469166ef29d5ab2742abeb2fff2436,2,0.0,0,0.0
0x5bffcd8f4809e29bcace4c9c21e0c3b6963ecec1,3,0.0,1,0.0
0xd824443d1763ac04d19eab140a2ba89472a76246,1,0.0,0,0.0
0x4ad9ca155380aa41024259f3c2e6ab4715e20e4d,1,0.0,0,0.0
0x5f5c89875973f91b6d4fa7d6c6af507ac690ba62,2,0.0,0,0.0
0xd7eff0f0e946c3731ad479dd3d0c4428462818f0,1,0.0,0,0.0
0x4d013b943af5d8325eba19f3e3110b0ee19942c2,1,0.0,0,0.0
0xce22c072fc3b5ac131260505f1e3cdfe509f0ca8,1,0.0,0,0.0
0x5ad0b4dd88cdddd99ef3d717e360a1e82e52cbd9,3,0.0,0,0.0
0x8d721b3b4a11b300e410de02dd6ede92bad28363,1,0.0,0,0.0
0x0ff86f706bce6d1dc98fc58ccf6c39ccb2047af8,2,0.0,0,0.0
0x7a60d8acf197b97b5ac97458e3d629f6673701f1,3,0.0,0,0.0
0xa263b88219269bf4d6d1b3f6a8642665b2dd5109,4,0.0,0,0.0
0xf14a7f5b356c655c1f3a0c1367b8342ae184b597,1,0.0,0,0.0
0xa98d1be966fa59edaddee27a04fd5b6064fe3026,1,0.0,0,0.0
0x505a848b3303262594db35cbab8fbd05416bb0b8,1,0.0,0,0.0
0x9b0f9243d4b6a66c404551294857b663b8869d8f,2,0.0,0,0.0
0xbd17643f082f81a02f0cc13c3590f33cb763c13c,1,0.0,0,0.0
0xc14e08023efe75412e85c006d39ac39834fcd833,1,0.0,0,0.0
0xd69d16157be67511687776cfa1ada3fd3ae313bd,1,0.0,0,0.0
0x4eead9b6f6842336c2b234cb9d7831cbb0ffcada,1,0.0,0,0.0
0x5f5153c5642d88d7d1f36198697dbf76c75273d6,1,0.0,0,0.0
0x5700ad5bee2777f982656a203ff23027a1888888,1,0.0,0,0.0
0x8acf4e6184ebd02909ad922baee89cb7f706b292,1,0.0,0,0.0
0xcf3fc24cc53bf93bceadd372e5b8fb3d287f2f65,12,0.0,1,0.0
0x1a2b77762ae1189a66391e4ec6359542297cdfc7,1,0.0,0,0.0
0xc10898eda672fdfc4ac0228bb1da9b2bf54c768f,1,0.0,0,0.0
0xc3f5c9947ce4e4a965435a2edb989e487237d312,2,0.0,0,0.0
0x8ea3dcf2ce92ea17754b68ea30de16a1bb993d25,2,0.0,0,0.0
0x4bf7612e32bf8d9de8e200aceecdf404ec897b3a,1,0.0,0,0.0
0x93129b1ac0ac7dfa6f64887a0cdbadfb72dc8d62,10,0.0,0,0.0
0x1f9f073fc0b1cc975e4f0bc4c5a602b2758e5279,1,0.0,0,0.0
0x737d0d4e722b1d06b2dd359a0d7bbb74e97bd309,1,0.0,0,0.0
0x27aced470e1e232babf2da93a78269bb5739c48c,1,0.0,0,0.0
0x1d27d546cc5106afffadbd70aaa9c3413d2c3d18,6,0.0,0,0.0
0x6078799f261a136e680dbba96cd00f7e193f6a09,1,0.0,0,0.0
0x20e9f0c7c59ded2167680b491f5ae61e2407a8af,1,0.0,0,0.0
0x720dbbefd8df76cbb3c8e010744b7ee412157352,1,0.0,0,0.0
0xf6aa410e6d10731776b0ce48c151effe47a2ef38,4,0.0,0,0.0
0xbf40f1ac192c1e031cb0065c046b2e7250e79739,1,0.0,0,0.0
0xa9ae3ef38a4b520e089d28e34346d29ec4b9d017,2,0.0,0,0.0
0x6c0c79282d8e610659dfd9d7878660bf5932d439,1,0.0,0,0.0
0x3e9f88bdbd46c06071f2c9f1af893ddb6a63f02f,1,0.0,0,0.0
0x48b645375f15aa421457ed40ae2945962d53eda6,2,0.0,0,0.0
0x27825d5430114db42c51653f22d6a8bfb9c1f6f6,1,0.0,0,0.0
0xf0885464ec497f762578fba384b96c0cd46d93ae,1,0.0,0,0.0
0xc0b09b78c00ebced69ed1b397f5fb6ad94938441,1,0.0,0,0.0
0x299a299a22f8c7397d9db3702439069d951aea74,6,0.0,0,0.0
0xc720b00820662573b8e9bc01a92dad21ca028ace,13,0.0,0,0.0
0xe2fd80556a22c7e2f4ba0cbe2dcec53aeeaefdb8,3,0.0,0,0.0
0xd4936bd8ab8ae13b7d84b5253e5b776afe8f2e88,2,0.0,0,0.0
0x030060528000ce73b237bf94684eb71bb03b0906,4,0.0,0,0.0
0xf9e6f07910c6db2054cfbe9b757e4d44045e7456,61,0.0,0,0.0
0x890ef7bb5e139d36389ee0ee4f4b053f056b594b,1,0.0,0,0.0
0x429e97bdb64322c4d62ce1d9f3e7de0c6c7320f7,1,0.0,0,0.0
0x268dadf144ec6a737d07aa46244a9a0c91912899,1,0.0,0,0.0
0x5c29616af35b94212b8f3e2405c99240b641b2ea,1,0.0,0,0.0
0x720099d790478af5c2363151900401120acded1a,5,0.0,0,0.0
0xb9937a74f4e9728e328209200b5e6d611c693acc,1,0.0,0,0.0
0x49b8469a3aa6180d5a6b990f55f0e9e888303ea5,1,0.0,0,0.0
0x505e20c0fb8252ca7ac21d54d5432eccd4f2d076,1,0.0,0,0.0
0x0abf616b5ff0ad091151183a17c32b3c500455d8,1,0.0,0,0.0
0x5bb93473e3025bc73a6b70554c64b6c508e0cddb,1,0.0,0,0.0
0xd40bbf5bf4fba8f320a3de5455851ad0b883e8a9,1,0.0,0,0.0
0xfb5ee68ca40b6c88d1540104f73818caf476cb92,2,0.0,0,0.0
0xa6296f35370b9166263148cbd750dc4f25f455d5,1,0.0,0,0.0
0x302b9d2c872e178b6771bdca506e611ad6e1ce41,4,0.0,0,0.0
0x13f251939e5b680d73dc23546e73384bc2130757,1,0.0,0,0.0
0xb3a4b0b5882b468eec38cf9e03c692994404e00e,2,0.0,1,0.0
0xcebefe184bfce39c7c84c281a2ceae5c24b583ef,1,0.0,0,0.0
0x5dffcb4442375a8512a70372067f2a36358240cf,3,0.0,0,0.0
0xbb5da0c72c594b5d70235fb9b4b00573f6cf57ba,1,0.0,0,0.0
0xefd67615d66e3819539021d40e155e1a6107f283,1,0.0,0,0.0
0x03855b0e3bd90591999a266b1a2701ee0ef18fc6,1,0.0,0,0.0
0xccb4f9a852ee10f01a85065141e7fecf6a79d2db,1,0.0,0,0.0
0x3a8f58efebf0a5ee65d6ee238886b58d7e84fcf4,1,0.0,0,0.0
0x638fd8905b16ad71eb209b16d1015cfddbc532da,1,0.0,0,0.0
0x82340a1d7d3be6d4379592578bd10939f5e25963,1,0.0,0,0.0
0xe08753f2caf86cfa29ce24b1ca765f6f3a25a68d,1,0.0,0,0.0
0x1acc4de7691705cba25ed64df2e0c1e0bdc9f94f,3,0.0,0,0.0
0xda5e52123b98bf784e865e0099ee5e14a51ad5a9,1,0.0,0,0.0
0xb1a64f02f0af29047d9de3571882f7201debcd2c,1,0.0,0,0.0
0x3524ebec844b00a8519314e3246abfe0b96cea9e,1,0.0,0,0.0
0x3282e78dfd34daa9eb1e8717b75217e52ab0433a,1,0.0,0,0.0
0xe2cee2f53f4c8ff80ae5b5de09b831efdf8a73ed,1,0.0,0,0.0
0xe53d772205f6ab301b18c0c55aa095517cd192d2,1,0.0,0,0.0
0xc1a076f685184168233cc388763f85827863905a,1,0.0,0,0.0
0x22b2ccb53963da600c83191db1ce3f61f92dcf45,1,0.0,0,0.0
0xee32f3f24c964330d4702212a096ae2377ed65ff,1,0.0,0,0.0
0x7a946f4a45e46a5bc2ff143b086b5c9b4757d284,1,0.0,0,0.0
0x9d40ec35c6c425da2f79876e639c1b931567308d,21,0.0,0,0.0
0x7015df3d8a3758bd46697de28ae2eb79c9357d13,2,0.0,0,0.0
0x5797dd337a92ab76a1241f5fe29f08cd294175ec,1,0.0,0,0.0
0x16ec5ee1cc431ca95de00b6c88d21d0b4d3fc2a6,2,0.0,0,0.0
0x9458ee67bbf915f877422f0d2bff94b0bc8a0f89,1,0.0,0,0.0
0x0b6bd6f93365ee0feee2e3fa8dc6cd3adcade2e0,1,0.0,0,0.0
0xe01846211c0f754c0087ae81be7458142a743df4,1,0.0,0,0.0
0xb09847e13de56db6603f575bdbfd5c4fcb2d92fa,1,0.0,0,0.0
0xa4f967b84ff09e0bd4368ef934499a6a3e4bee22,1,0.0,0,0.0
0xaca2dc244f98eed5390d739ebd92485916b2e21b,1,0.0,0,0.0
0x185642eaf3fffb0b80021cc34bf26a79b8829610,1,0.0,0,0.0
0x708f741b5fa76c9f4a70355207b4f0226ce265f3,1,0.0,0,0.0
0x0712eac907a078c85f66428db23edc8ad3ef8862,1,0.0,0,0.0
0x0d8c11462abf7a2482b7f4b686b9d644de8ef5fc,2,0.0,0,0.0
0x7b333a43e98d359a6c7aaca60e8e55566f22ef82,5,0.0,1,0.0
0x449097d921d163b3ce647842dc1c7b2bba7bf17b,1,0.0,0,0.0
0xef86a165e969d6e9f14ff8472f6a8ee6840e5bdf,1,0.0,0,0.0
0x85befb73db4ebaf394fe2f66148686b0116bb293,14,0.0,1,0.0
0x24419ef203d7ea2d566aaeca3f8ebe3817a83b9d,1,0.0,0,0.0
0xec76b99b657c2d7ad7ca94a4cad5b016d81f24b1,1,0.0,0,0.0
0xf439c68f3df25cc9d850fe3b24b8d7292e761655,1,0.0,0,0.0
0xf6c73dc79738e2a17f7de4a26267b90899d35b4d,1,0.0,0,0.0
0x4eb72f82717645b5bb96090b5c665757edb68a67,1,0.0,0,0.0
0x281fe69a496fba401d85aa1374d7e401660bb674,1,0.0,0,0.0
0x1b2d91b7658a00d8d00eb8b81eef0b0aa2b6cad4,1,0.0,0,0.0
0x7d14b142cad1379e85682f4b2006cdfed38988d3,238,0.0,1,0.0
0x95f63e4fb077bb1d602fed269b409a4d6218bb47,6,0.0,0,0.0
0xd5bb1065238df71e1d00559b589328406233aca6,1,0.0,0,0.0
0x7a9803f2450e948f63bba32834792ce7aab02515,1,0.0,0,0.0
0x92ad0ec9ba03a65e70187802095348b3b39e7dae,1,0.0,0,0.0
0xecf51aaf03e1fd3cf17299e16dfd19f689583433,1,0.0,0,0.0
0xc5e031c13a09e62be3010cc95cd47446a7d7e40a,1,0.0,0,0.0
0x1f713d53e25ae6f36e33cdcfed116b71637d369b,1,0.0,0,0.0
0xd69cbef6315b6e6c668066fc1f0fb9f521653b35,3,0.0,0,0.0
0x0ce6bf390ffb8edbb243f5344424c7955c063105,2,0.0,0,0.0
0x5ae73ea42d55a4994050ba8a3351087375aa912c,1,0.0,0,0.0
0xaac99181c76c1fbc64fd03024a849458eb184dc8,2,0.0,0,0.0
0xadb459b529000491ad87cbc9d6085ff0b69790de,1,0.0,0,0.0
0x0dbbde2ceb6140c18ceaa3f724a6e315c0061034,8,0.0,0,0.0
0x8db32b2ca9b8ee4cde2a19711d65a81544e0664d,1,0.0,0,0.0
0xa218a8346454c982912cf6d14c714663c2d510d8,1,0.0,0,0.0
0x3c3cf3d74403236253c1880b98b6003308f67b3f,47,0.0,9,0.0
0x979215f6cdab19e1a4af38f8b0785c79277f77e4,1,0.0,0,0.0
0xec85b265c130abbc0d7342fbc3585d5e0611b7e3,1,0.0,0,0.0
0x35f46d26a1d84eb4c28fc57ffd51985ea9eab262,1,0.0,0,0.0
0xfab8c9cd1298b3abb5cf3fae4b48a99b9356eb71,1,0.0,0,0.0
0x2d7fcf9cd77fe4c09577166b67c77d49d933c265,1,0.0,0,0.0
0xe699e8334d901986d9ff6bc5ae4b44ae5122f1ee,1,0.0,0,0.0
0x6cad41167330b2399447ebae0c1a312ddb342f9b,1,0.0,0,0.0
0x1915108c5f84cdaa6a428fd5b9109f97df20211b,1,0.0,0,0.0
0xe76d45f01d8b34ba40eed629d1d80b5165620b1e,1,0.0,0,0.0
0x405116c563dda1a0e11019eea95ba4150374939f,2,0.0,0,0.0
0xc0da8b577c6408059b2bb79c4b5c4533a5ba18f1,1,0.0,0,0.0
0xbc55bc5558471a8d5d66dc446431a047c8ed53b9,1,0.0,0,0.0
0x8b597140c81764010825bfc1f3b61226163044a9,1,0.0,0,0.0
0x6e31fff76eaf28d8eb71d19ac5fffd04e39fb6d3,2,0.0,1,0.0
0x372e0d4156b4d0659ea46b91d4fac17dae031e7f,1,0.0,0,0.0
0x4c965815ac6b6135a3ea78e2b6e68ac28eb96001,1,0.0,0,0.0
0xdd33d2d32d8dea1489ef71816bc34bc4ac88f0bf,1,0.0,0,0.0
0xeafd9991d29080aef7267496c64e9a66187277cf,1,0.0,0,0.0
0xe53085d26544daf3ba8f66b2d1b108e285cc51f9,1,0.0,0,0.0
0xb0ff032f59f274a07b5d4c248e10dedc26b5fed5,1,0.0,0,0.0
0xb4ffb0f4e1e79351a27890f651ad5e6696e037d1,1,0.0,0,0.0
0xc30bc1d38eef1f0036917fe5a28faceae195cce3,1,0.0,0,0.0
0x0508553c0e0ac12b3a3ce4a9d0d3ea6779ec129e,1,0.0,0,0.0
0xd680e68621e1014cc268be940864bc00368bd05f,1,0.0,1,0.0
0xb5012eeb7f17acf6e7385d69f7a92c1d6324b53d,1,0.0,0,0.0
0xa3e3ef01fa2f60977e55fc56dacaa89a7b8db483,1,0.0,0,0.0
0xb50ffc92f369d25b5ce5fd1774b3ef0306f12e7c,1,0.0,0,0.0
0x5d865126cbd887f23fe67f118641ea2896c2ee0f,1,0.0,0,0.0
0x9a79b65e76c8d4f9b757b5f047fad3db4e97c025,4,0.0,0,0.0
0x64c020276dcc7a15367ca2e9ea78bd81c363b64b,1,0.0,0,0.0
0x88048b923bc13d45667a1587763d10d4ed0c10b2,2,0.0,0,0.0
0xd8b83038bf1fae5c4966f51fef53234daab4af69,1,0.0,0,0.0
0xa54fd29004d4c39e3b2426d8ee8ea0bacd5c3799,3,0.0,0,0.0
0xd33315a8e06b4c990a45e14ab1c5514c477ce980,3,0.0,0,0.0
0x7b6a152d18a347365e6d1b2344043d0d2e439150,1,0.0,0,0.0
0x19bcc1039684e2dbcc1ade0e260caeb88a903d45,1,0.0,0,0.0
0x90c9bcecd185b9a70ea1ccaea0cfe9e1fb007335,67,0.0,0,0.0
0x2fd340d48f733a270e8244c9958a89d96f29ba7b,2,0.0,0,0.0
0x2aec6ea59796946a76ff7603a006d1ad82d50788,3,0.0,0,0.0
0xc5023af5c9df2f42426dcd8a8b94e2d9e07380fa,1,0.0,0,0.0
0x6f7d167b0c8938962ea84ace1fe7c36b4076b1a4,3,0.0,0,0.0
0x1d283807630ffb876a5d78b8e0788e491449f241,487,0.0,104,0.0
0x0f415965083ea203f58b6f884b1d796155b03ec7,1,0.0,0,0.0
0x92273bab4d5b38f38f093d08a512feae1ba9821d,1,0.0,0,0.0
0xc291490ef2f56b45e7d7d0f3156646fcc2576c95,18,0.0,5,0.0
0x5042201c76b98991d6374e674b694ddeae2b8a3b,1,0.0,0,0.0
0x99b8c31ded78266f66833a8c1997cf30c44d60ef,1,0.0,0,0.0
0x224404df110177661bf6f5a8d2a96fe694303fd9,1,0.0,0,0.0
0x9398f2720f62577dbbc89e6cf40758aa93dd05ae,1,0.0,0,0.0
